opening_quotation,date,high,market,company_name,turnover,code,closing_quotation,low
2226,2015-01-05T00:00:00.000Z,2255,東証１部,2802 味の素,1467000,2802,2240,2210
2195,2015-01-06T00:00:00.000Z,2215,東証１部,2802 味の素,2303000,2802,2192,2177
2175,2015-01-07T00:00:00.000Z,2233,東証１部,2802 味の素,3220000,2802,2192,2175
2210,2015-01-08T00:00:00.000Z,2245,東証１部,2802 味の素,3214000,2802,2213,2205
2207,2015-01-09T00:00:00.000Z,2222,東証１部,2802 味の素,2630000,2802,2195,2182
2185,2015-01-13T00:00:00.000Z,2219,東証１部,2802 味の素,2588000,2802,2219,2163
2219,2015-01-14T00:00:00.000Z,2275,東証１部,2802 味の素,3046000,2802,2253,2218
2249,2015-01-15T00:00:00.000Z,2286,東証１部,2802 味の素,2280000,2802,2273,2234
2240,2015-01-16T00:00:00.000Z,2266,東証１部,2802 味の素,3089000,2802,2231,2189
2264,2015-01-19T00:00:00.000Z,2304,東証１部,2802 味の素,2049000,2802,2298,2256
2309,2015-01-20T00:00:00.000Z,2343,東証１部,2802 味の素,1952000,2802,2343,2303
2329,2015-01-21T00:00:00.000Z,2350,東証１部,2802 味の素,2235000,2802,2324,2305
2340,2015-01-22T00:00:00.000Z,2370,東証１部,2802 味の素,2284000,2802,2370,2323
2399,2015-01-23T00:00:00.000Z,2412,東証１部,2802 味の素,2314000,2802,2363,2347
2415,2015-01-27T00:00:00.000Z,2475,東証１部,2802 味の素,2500000,2802,2472,2414
2455,2015-01-28T00:00:00.000Z,2500,東証１部,2802 味の素,2718000,2802,2495,2447
2490,2015-01-29T00:00:00.000Z,2516,東証１部,2802 味の素,3101000,2802,2491,2468
2530,2015-01-30T00:00:00.000Z,2550,東証１部,2802 味の素,4249000,2802,2439,2422
2300,2015-02-02T00:00:00.000Z,2329,東証１部,2802 味の素,4688000,2802,2320,2266
2345,2015-02-03T00:00:00.000Z,2353,東証１部,2802 味の素,5375000,2802,2246,2232
2286,2015-02-04T00:00:00.000Z,2294,東証１部,2802 味の素,3417000,2802,2268,2240
2289,2015-02-05T00:00:00.000Z,2299,東証１部,2802 味の素,4255000,2802,2232,2227
2245,2015-02-06T00:00:00.000Z,2246,東証１部,2802 味の素,4244000,2802,2188,2182
2228,2015-02-09T00:00:00.000Z,2229,東証１部,2802 味の素,2633000,2802,2220,2190
2226,2015-02-10T00:00:00.000Z,2230,東証１部,2802 味の素,1993000,2802,2208,2191
2258,2015-02-12T00:00:00.000Z,2294,東証１部,2802 味の素,2804000,2802,2259,2247
2255,2015-02-13T00:00:00.000Z,2265,東証１部,2802 味の素,2294000,2802,2242,2240
2239,2015-02-16T00:00:00.000Z,2240,東証１部,2802 味の素,2741000,2802,2187,2182
2165,2015-02-17T00:00:00.000Z,2216,東証１部,2802 味の素,3094000,2802,2212,2156
2240,2015-02-18T00:00:00.000Z,2263,東証１部,2802 味の素,2840000,2802,2260,2231
2260,2015-02-19T00:00:00.000Z,2290,東証１部,2802 味の素,1875000,2802,2280,2254
2290,2015-02-20T00:00:00.000Z,2293,東証１部,2802 味の素,2369000,2802,2247,2236
2277,2015-02-23T00:00:00.000Z,2278,東証１部,2802 味の素,2150000,2802,2247,2239
2247,2015-02-24T00:00:00.000Z,2247,東証１部,2802 味の素,2118000,2802,2235,2226
2225,2015-02-25T00:00:00.000Z,2231,東証１部,2802 味の素,2885000,2802,2202,2195
2206,2015-02-26T00:00:00.000Z,2277,東証１部,2802 味の素,3111000,2802,2274,2203
2288,2015-02-27T00:00:00.000Z,2319,東証１部,2802 味の素,3650000,2802,2297,2275
2298,2015-03-02T00:00:00.000Z,2317,東証１部,2802 味の素,2533000,2802,2274,2272
2290,2015-03-03T00:00:00.000Z,2325,東証１部,2802 味の素,1753000,2802,2323,2283
2333,2015-03-04T00:00:00.000Z,2345,東証１部,2802 味の素,1773000,2802,2319,2308
2395,2015-03-06T00:00:00.000Z,2577,東証１部,2802 味の素,7320000,2802,2548,2378
2535,2015-03-09T00:00:00.000Z,2587,東証１部,2802 味の素,3716000,2802,2527,2520
2527,2015-03-10T00:00:00.000Z,2560,東証１部,2802 味の素,3271000,2802,2503,2502
2500,2015-03-11T00:00:00.000Z,2599,東証１部,2802 味の素,3122000,2802,2571,2492
2572,2015-03-12T00:00:00.000Z,2652,東証１部,2802 味の素,3205000,2802,2641,2563
2683,2015-03-13T00:00:00.000Z,2692,東証１部,2802 味の素,5330000,2802,2631,2631
2578,2015-03-16T00:00:00.000Z,2675,東証１部,2802 味の素,3109000,2802,2643,2571
2670,2015-03-17T00:00:00.000Z,2679,東証１部,2802 味の素,2504000,2802,2670,2651
2620,2015-03-18T00:00:00.000Z,2685,東証１部,2802 味の素,2447000,2802,2676,2619
2658,2015-03-19T00:00:00.000Z,2672,東証１部,2802 味の素,2328000,2802,2630,2618
2640,2015-03-20T00:00:00.000Z,2679,東証１部,2802 味の素,2776000,2802,2674,2613
2690,2015-03-23T00:00:00.000Z,2697,東証１部,2802 味の素,1735000,2802,2687,2672
2687,2015-03-24T00:00:00.000Z,2689,東証１部,2802 味の素,2060000,2802,2682,2651
2682,2015-03-25T00:00:00.000Z,2731,東証１部,2802 味の素,2416000,2802,2731,2670
2726,2015-03-26T00:00:00.000Z,2726,東証１部,2802 味の素,2458000,2802,2703,2672
2666,2015-03-27T00:00:00.000Z,2737,東証１部,2802 味の素,2470000,2802,2698,2665
2724,2015-03-30T00:00:00.000Z,2770,東証１部,2802 味の素,2658000,2802,2759,2719
2780,2015-03-31T00:00:00.000Z,2783,東証１部,2802 味の素,3973000,2802,2635,2635
2596,2015-04-01T00:00:00.000Z,2614,東証１部,2802 味の素,4342000,2802,2579,2548
2610,2015-04-02T00:00:00.000Z,2673,東証１部,2802 味の素,2935000,2802,2648,2593
2681,2015-04-03T00:00:00.000Z,2780,東証１部,2802 味の素,3394000,2802,2734,2671
2740,2015-04-06T00:00:00.000Z,2779,東証１部,2802 味の素,1556000,2802,2753,2711
2779,2015-04-07T00:00:00.000Z,2779,東証１部,2802 味の素,2459000,2802,2745,2721
2770,2015-04-08T00:00:00.000Z,2785,東証１部,2802 味の素,3599000,2802,2776,2710
2776,2015-04-09T00:00:00.000Z,2815,東証１部,2802 味の素,2047000,2802,2811,2760
2799,2015-04-10T00:00:00.000Z,2800,東証１部,2802 味の素,2198000,2802,2782,2769
2788,2015-04-13T00:00:00.000Z,2801,東証１部,2802 味の素,2063000,2802,2720,2711
2701,2015-04-14T00:00:00.000Z,2750,東証１部,2802 味の素,1936000,2802,2745,2701
2710,2015-04-15T00:00:00.000Z,2747,東証１部,2802 味の素,2455000,2802,2692,2684
2695,2015-04-16T00:00:00.000Z,2737,東証１部,2802 味の素,4137000,2802,2628,2610
2620,2015-04-17T00:00:00.000Z,2620,東証１部,2802 味の素,4307000,2802,2542,2537
2510,2015-04-20T00:00:00.000Z,2656,東証１部,2802 味の素,3559000,2802,2629,2510
2662,2015-04-21T00:00:00.000Z,2720,東証１部,2802 味の素,3263000,2802,2719,2641
2725,2015-04-22T00:00:00.000Z,2747,東証１部,2802 味の素,2358000,2802,2720,2691
2711,2015-04-23T00:00:00.000Z,2720,東証１部,2802 味の素,2533000,2802,2708,2683
2680,2015-04-24T00:00:00.000Z,2734,東証１部,2802 味の素,2290000,2802,2712,2667
2725,2015-04-27T00:00:00.000Z,2765,東証１部,2802 味の素,2018000,2802,2725,2712
2730,2015-04-28T00:00:00.000Z,2764,東証１部,2802 味の素,2047000,2802,2750,2726
2707,2015-04-30T00:00:00.000Z,2730,東証１部,2802 味の素,2643000,2802,2661,2653
2661,2015-05-01T00:00:00.000Z,2686,東証１部,2802 味の素,2620000,2802,2649,2632
2620,2015-05-07T00:00:00.000Z,2658,東証１部,2802 味の素,3162000,2802,2635,2612
2600,2015-05-08T00:00:00.000Z,2669,東証１部,2802 味の素,3843000,2802,2630,2560
2635,2015-05-11T00:00:00.000Z,2648,東証１部,2802 味の素,2915000,2802,2608,2584
2610,2015-05-12T00:00:00.000Z,2643,東証１部,2802 味の素,1835000,2802,2634,2603
2605,2015-05-13T00:00:00.000Z,2637,東証１部,2802 味の素,1642000,2802,2630,2582
2590,2015-05-14T00:00:00.000Z,2604,東証１部,2802 味の素,2717000,2802,2537,2536
2547,2015-05-15T00:00:00.000Z,2582,東証１部,2802 味の素,2028000,2802,2580,2543
2600,2015-05-18T00:00:00.000Z,2618,東証１部,2802 味の素,2414000,2802,2596,2578
2617,2015-05-19T00:00:00.000Z,2624,東証１部,2802 味の素,2281000,2802,2605,2597
2608,2015-05-20T00:00:00.000Z,2618,東証１部,2802 味の素,2587000,2802,2591,2585
2577,2015-05-21T00:00:00.000Z,2596,東証１部,2802 味の素,2895000,2802,2576,2569
2562,2015-05-22T00:00:00.000Z,2562,東証１部,2802 味の素,3094000,2802,2521,2516
2526,2015-05-25T00:00:00.000Z,2546,東証１部,2802 味の素,1761000,2802,2546,2503
2546,2015-05-26T00:00:00.000Z,2582,東証１部,2802 味の素,2993000,2802,2574,2540
2553,2015-05-27T00:00:00.000Z,2570,東証１部,2802 味の素,2024000,2802,2564,2531
2564,2015-05-28T00:00:00.000Z,2577,東証１部,2802 味の素,2362000,2802,2573,2533
2575,2015-05-29T00:00:00.000Z,2611,東証１部,2802 味の素,3985000,2802,2568,2568
2559,2015-06-01T00:00:00.000Z,2587,東証１部,2802 味の素,1446000,2802,2566,2551
2578,2015-06-02T00:00:00.000Z,2593,東証１部,2802 味の素,1744000,2802,2589,2551
2568,2015-06-03T00:00:00.000Z,2577,東証１部,2802 味の素,1938000,2802,2544,2539
2562,2015-06-04T00:00:00.000Z,2562,東証１部,2802 味の素,2038000,2802,2517,2507
2505,2015-06-05T00:00:00.000Z,2537,東証１部,2802 味の素,2066000,2802,2529,2500
2517,2015-06-08T00:00:00.000Z,2524,東証１部,2802 味の素,1385000,2802,2520,2502
2501,2015-06-09T00:00:00.000Z,2518,東証１部,2802 味の素,2164000,2802,2489,2484
2500,2015-06-10T00:00:00.000Z,2522,東証１部,2802 味の素,2379000,2802,2495,2469
2510,2015-06-11T00:00:00.000Z,2577,東証１部,2802 味の素,2506000,2802,2574,2499
2600,2015-06-12T00:00:00.000Z,2600,東証１部,2802 味の素,4181000,2802,2547,2521
2504,2015-06-15T00:00:00.000Z,2542,東証１部,2802 味の素,1768000,2802,2536,2502
2545,2015-06-16T00:00:00.000Z,2632,東証１部,2802 味の素,3565000,2802,2612,2545
2629,2015-06-17T00:00:00.000Z,2636,東証１部,2802 味の素,1934000,2802,2624,2605
2620,2015-06-18T00:00:00.000Z,2629,東証１部,2802 味の素,1716000,2802,2598,2596
2610,2015-06-19T00:00:00.000Z,2674,東証１部,2802 味の素,3780000,2802,2656,2607
2655,2015-06-22T00:00:00.000Z,2666,東証１部,2802 味の素,1792000,2802,2645,2628
2670,2015-06-23T00:00:00.000Z,2686,東証１部,2802 味の素,2544000,2802,2670,2648
2710,2015-06-24T00:00:00.000Z,2745,東証１部,2802 味の素,4185000,2802,2720,2690
2720,2015-06-25T00:00:00.000Z,2735,東証１部,2802 味の素,4033000,2802,2694,2673
2710,2015-06-26T00:00:00.000Z,2728,東証１部,2802 味の素,2696000,2802,2716,2692
2650,2015-06-29T00:00:00.000Z,2693,東証１部,2802 味の素,2942000,2802,2644,2637
2617,2015-06-30T00:00:00.000Z,2674,東証１部,2802 味の素,2794000,2802,2651,2611
2689,2015-07-01T00:00:00.000Z,2724,東証１部,2802 味の素,2715000,2802,2659,2639
2660,2015-07-02T00:00:00.000Z,2662,東証１部,2802 味の素,3298000,2802,2620,2613
2638,2015-07-03T00:00:00.000Z,2658,東証１部,2802 味の素,2156000,2802,2622,2616
2590,2015-07-06T00:00:00.000Z,2601,東証１部,2802 味の素,2012000,2802,2568,2555
2630,2015-07-07T00:00:00.000Z,2662,東証１部,2802 味の素,3810000,2802,2648,2606
2628,2015-07-08T00:00:00.000Z,2656,東証１部,2802 味の素,2675000,2802,2602,2602
2577,2015-07-09T00:00:00.000Z,2613,東証１部,2802 味の素,4401000,2802,2596,2534
2611,2015-07-10T00:00:00.000Z,2699,東証１部,2802 味の素,3471000,2802,2653,2609
2685,2015-07-13T00:00:00.000Z,2772,東証１部,2802 味の素,2936000,2802,2768,2671
2798,2015-07-14T00:00:00.000Z,2799,東証１部,2802 味の素,2583000,2802,2771,2755
2780,2015-07-15T00:00:00.000Z,2789,東証１部,2802 味の素,1825000,2802,2786,2770
2800,2015-07-16T00:00:00.000Z,2846,東証１部,2802 味の素,2110000,2802,2820,2799
2845,2015-07-17T00:00:00.000Z,2914,東証１部,2802 味の素,3342000,2802,2906,2845
2909,2015-07-21T00:00:00.000Z,2920,東証１部,2802 味の素,1727000,2802,2916,2875
2917,2015-07-22T00:00:00.000Z,2917,東証１部,2802 味の素,1565000,2802,2869,2868
2871,2015-07-23T00:00:00.000Z,2929,東証１部,2802 味の素,1833000,2802,2924,2855
2910,2015-07-24T00:00:00.000Z,2923,東証１部,2802 味の素,1241000,2802,2899,2880
2910,2015-07-27T00:00:00.000Z,2939,東証１部,2802 味の素,2581000,2802,2840,2815
2830,2015-07-28T00:00:00.000Z,2905,東証１部,2802 味の素,2591000,2802,2895,2830
2920,2015-07-29T00:00:00.000Z,2929,東証１部,2802 味の素,1724000,2802,2925,2890
2949,2015-07-30T00:00:00.000Z,2960,東証１部,2802 味の素,2268000,2802,2890,2875
2903,2015-07-31T00:00:00.000Z,2918,東証１部,2802 味の素,3324000,2802,2852,2817
2802,2015-08-03T00:00:00.000Z,2841,東証１部,2802 味の素,3453000,2802,2833,2783
2857,2015-08-04T00:00:00.000Z,2893,東証１部,2802 味の素,2372000,2802,2849,2821
2828,2015-08-05T00:00:00.000Z,2890,東証１部,2802 味の素,2394000,2802,2874,2813
2890,2015-08-06T00:00:00.000Z,2890,東証１部,2802 味の素,2269000,2802,2832,2829
2833,2015-08-07T00:00:00.000Z,2833,東証１部,2802 味の素,2579000,2802,2786,2763
2785,2015-08-10T00:00:00.000Z,2838,東証１部,2802 味の素,1606000,2802,2837,2764
2826,2015-08-11T00:00:00.000Z,2828,東証１部,2802 味の素,1701000,2802,2785,2771
2754,2015-08-12T00:00:00.000Z,2776,東証１部,2802 味の素,2450000,2802,2706,2691
2703,2015-08-13T00:00:00.000Z,2753,東証１部,2802 味の素,2076000,2802,2746,2696
2746,2015-08-14T00:00:00.000Z,2774,東証１部,2802 味の素,1170000,2802,2751,2728
2758,2015-08-17T00:00:00.000Z,2783,東証１部,2802 味の素,1114000,2802,2769,2744
2740,2015-08-18T00:00:00.000Z,2774,東証１部,2802 味の素,2132000,2802,2758,2724
2792,2015-08-19T00:00:00.000Z,2802,東証１部,2802 味の素,1819000,2802,2715,2712
2734,2015-08-20T00:00:00.000Z,2802,東証１部,2802 味の素,2221000,2802,2688,2686
2640,2015-08-21T00:00:00.000Z,2660,東証１部,2802 味の素,2431000,2802,2621,2616
2584,2015-08-24T00:00:00.000Z,2643,東証１部,2802 味の素,4100000,2802,2523,2519
2475,2015-08-25T00:00:00.000Z,2570,東証１部,2802 味の素,4558000,2802,2445,2444
2444,2015-08-26T00:00:00.000Z,2501,東証１部,2802 味の素,2924000,2802,2468,2430
2527,2015-08-27T00:00:00.000Z,2598,東証１部,2802 味の素,3240000,2802,2571,2522
2653,2015-08-28T00:00:00.000Z,2661,東証１部,2802 味の素,2262000,2802,2642,2597
2647,2015-08-31T00:00:00.000Z,2691,東証１部,2802 味の素,3047000,2802,2671,2623
2656,2015-09-01T00:00:00.000Z,2695,東証１部,2802 味の素,2924000,2802,2550,2550
2525,2015-09-02T00:00:00.000Z,2621,東証１部,2802 味の素,2500000,2802,2562,2520
2610,2015-09-03T00:00:00.000Z,2676,東証１部,2802 味の素,2065000,2802,2597,2592
2634,2015-09-04T00:00:00.000Z,2651,東証１部,2802 味の素,2479000,2802,2543,2518
2522,2015-09-07T00:00:00.000Z,2549,東証１部,2802 味の素,1749000,2802,2534,2492
2548,2015-09-08T00:00:00.000Z,2557,東証１部,2802 味の素,2352000,2802,2404,2404
2485,2015-09-09T00:00:00.000Z,2550,東証１部,2802 味の素,3062000,2802,2550,2422
2478,2015-09-10T00:00:00.000Z,2480,東証１部,2802 味の素,2319000,2802,2454,2412
2437,2015-09-11T00:00:00.000Z,2488,東証１部,2802 味の素,3296000,2802,2456,2430
2474,2015-09-14T00:00:00.000Z,2495,東証１部,2802 味の素,1729000,2802,2432,2431
2474,2015-09-15T00:00:00.000Z,2502,東証１部,2802 味の素,1408000,2802,2462,2439
2475,2015-09-16T00:00:00.000Z,2482,東証１部,2802 味の素,1525000,2802,2440,2415
2473,2015-09-17T00:00:00.000Z,2498,東証１部,2802 味の素,1575000,2802,2491,2443
2471,2015-09-18T00:00:00.000Z,2485,東証１部,2802 味の素,1570000,2802,2424,2424
2415,2015-09-24T00:00:00.000Z,2478,東証１部,2802 味の素,1727000,2802,2425,2414
2437,2015-09-25T00:00:00.000Z,2567,東証１部,2802 味の素,2922000,2802,2561,2437
2534,2015-09-28T00:00:00.000Z,2562,東証１部,2802 味の素,1725000,2802,2512,2500
2472,2015-09-29T00:00:00.000Z,2499,東証１部,2802 味の素,1925000,2802,2419,2412
2481,2015-09-30T00:00:00.000Z,2524,東証１部,2802 味の素,2507000,2802,2515,2449
2538,2015-10-01T00:00:00.000Z,2558,東証１部,2802 味の素,2336000,2802,2536,2480
2488,2015-10-02T00:00:00.000Z,2573,東証１部,2802 味の素,1445000,2802,2545,2488
2558,2015-10-05T00:00:00.000Z,2596,東証１部,2802 味の素,1452000,2802,2595,2556
2630,2015-10-06T00:00:00.000Z,2651,東証１部,2802 味の素,2227000,2802,2626,2600
2596,2015-10-07T00:00:00.000Z,2609,東証１部,2802 味の素,2145000,2802,2574,2530
2560,2015-10-08T00:00:00.000Z,2582,東証１部,2802 味の素,3162000,2802,2502,2492
2534,2015-10-09T00:00:00.000Z,2553,東証１部,2802 味の素,2772000,2802,2552,2486
2512,2015-10-13T00:00:00.000Z,2540,東証１部,2802 味の素,2786000,2802,2522,2507
2520,2015-10-14T00:00:00.000Z,2523,東証１部,2802 味の素,2102000,2802,2496,2476
2508,2015-10-15T00:00:00.000Z,2549,東証１部,2802 味の素,2105000,2802,2527,2470
2590,2015-10-16T00:00:00.000Z,2613,東証１部,2802 味の素,2830000,2802,2559,2549
2554,2015-10-19T00:00:00.000Z,2608,東証１部,2802 味の素,1444000,2802,2570,2550
2616,2015-10-20T00:00:00.000Z,2620,東証１部,2802 味の素,1891000,2802,2553,2543
2546,2015-10-21T00:00:00.000Z,2581,東証１部,2802 味の素,1703000,2802,2576,2525
2568,2015-10-22T00:00:00.000Z,2624,東証１部,2802 味の素,1650000,2802,2607,2556
2655,2015-10-23T00:00:00.000Z,2689,東証１部,2802 味の素,2090000,2802,2685,2650
2720,2015-10-26T00:00:00.000Z,2727,東証１部,2802 味の素,1809000,2802,2701,2692
2700,2015-10-27T00:00:00.000Z,2733,東証１部,2802 味の素,2171000,2802,2706,2693
2691,2015-10-28T00:00:00.000Z,2723,東証１部,2802 味の素,1956000,2802,2693,2662
2705,2015-10-29T00:00:00.000Z,2707,東証１部,2802 味の素,4598000,2802,2690,2656
2706,2015-10-30T00:00:00.000Z,2733,東証１部,2802 味の素,2621000,2802,2707,2669
2667,2015-11-02T00:00:00.000Z,2667,東証１部,2802 味の素,1970000,2802,2606,2601
2656,2015-11-04T00:00:00.000Z,2671,東証１部,2802 味の素,2181000,2802,2657,2618
2657,2015-11-05T00:00:00.000Z,2817,東証１部,2802 味の素,4561000,2802,2804,2656
2810,2015-11-06T00:00:00.000Z,2830,東証１部,2802 味の素,4233000,2802,2756,2751
2778,2015-11-09T00:00:00.000Z,2788,東証１部,2802 味の素,3299000,2802,2774,2752
2773,2015-11-10T00:00:00.000Z,2797,東証１部,2802 味の素,2105000,2802,2794,2758
2790,2015-11-11T00:00:00.000Z,2845,東証１部,2802 味の素,2240000,2802,2842,2779
2834,2015-11-12T00:00:00.000Z,2848,東証１部,2802 味の素,1547000,2802,2834,2821
2819,2015-11-13T00:00:00.000Z,2864,東証１部,2802 味の素,1981000,2802,2857,2802
2809,2015-11-16T00:00:00.000Z,2838,東証１部,2802 味の素,1876000,2802,2822,2801
2832,2015-11-17T00:00:00.000Z,2844,東証１部,2802 味の素,3621000,2802,2817,2816
2840,2015-11-18T00:00:00.000Z,2848,東証１部,2802 味の素,2581000,2802,2838,2824
2855,2015-11-19T00:00:00.000Z,2862,東証１部,2802 味の素,2410000,2802,2854,2833
2840,2015-11-20T00:00:00.000Z,2854,東証１部,2802 味の素,2250000,2802,2852,2822
2851,2015-11-24T00:00:00.000Z,2852,東証１部,2802 味の素,2266000,2802,2827,2813
2827,2015-11-25T00:00:00.000Z,2847,東証１部,2802 味の素,1701000,2802,2838,2815
2844,2015-11-26T00:00:00.000Z,2856,東証１部,2802 味の素,1327000,2802,2848,2837
2847,2015-11-27T00:00:00.000Z,2863,東証１部,2802 味の素,2147000,2802,2851,2841
2851,2015-11-30T00:00:00.000Z,2853,東証１部,2802 味の素,3443000,2802,2822,2822
2823,2015-12-01T00:00:00.000Z,2839,東証１部,2802 味の素,2353000,2802,2839,2786
2815,2015-12-02T00:00:00.000Z,2838,東証１部,2802 味の素,1694000,2802,2826,2811
2809,2015-12-03T00:00:00.000Z,2821,東証１部,2802 味の素,1704000,2802,2806,2801
2757,2015-12-04T00:00:00.000Z,2757,東証１部,2802 味の素,3752000,2802,2712,2701
2745,2015-12-07T00:00:00.000Z,2763,東証１部,2802 味の素,1949000,2802,2733,2727
2733,2015-12-08T00:00:00.000Z,2815,東証１部,2802 味の素,2957000,2802,2757,2720
2757,2015-12-09T00:00:00.000Z,2772,東証１部,2802 味の素,2129000,2802,2714,2706
2707,2015-12-10T00:00:00.000Z,2740,東証１部,2802 味の素,1962000,2802,2715,2703
2698,2015-12-11T00:00:00.000Z,2742,東証１部,2802 味の素,3279000,2802,2702,2694
2660,2015-12-14T00:00:00.000Z,2722,東証１部,2802 味の素,2109000,2802,2717,2657
2716,2015-12-15T00:00:00.000Z,2733,東証１部,2802 味の素,2294000,2802,2653,2647
2690,2015-12-16T00:00:00.000Z,2725,東証１部,2802 味の素,2108000,2802,2725,2660
2775,2015-12-17T00:00:00.000Z,2798,東証１部,2802 味の素,2615000,2802,2790,2753
2787,2015-12-18T00:00:00.000Z,2850,東証１部,2802 味の素,2715000,2802,2736,2735
2736,2015-12-21T00:00:00.000Z,2805,東証１部,2802 味の素,2747000,2802,2787,2720
2781,2015-12-22T00:00:00.000Z,2788,東証１部,2802 味の素,1494000,2802,2775,2745
2830,2015-12-24T00:00:00.000Z,2830,東証１部,2802 味の素,1794000,2802,2790,2787
2800,2015-12-25T00:00:00.000Z,2846,東証１部,2802 味の素,1380000,2802,2841,2784
2850,2015-12-28T00:00:00.000Z,2862,東証１部,2802 味の素,1112000,2802,2829,2804
2828,2015-12-29T00:00:00.000Z,2863,東証１部,2802 味の素,1179000,2802,2861,2810
2866,2015-12-30T00:00:00.000Z,2895,東証１部,2802 味の素,1302000,2802,2879,2853
2831,2016-01-04T00:00:00.000Z,2855,東証１部,2802 味の素,1642000,2802,2783,2770
2795,2016-01-05T00:00:00.000Z,2815,東証１部,2802 味の素,3104000,2802,2722,2716
2722,2016-01-06T00:00:00.000Z,2749,東証１部,2802 味の素,2885000,2802,2702,2688
2709,2016-01-07T00:00:00.000Z,2721,東証１部,2802 味の素,2456000,2802,2670,2655
2650,2016-01-08T00:00:00.000Z,2722,東証１部,2802 味の素,3673000,2802,2676,2646
2650,2016-01-12T00:00:00.000Z,2683,東証１部,2802 味の素,3575000,2802,2646,2646
2664,2016-01-13T00:00:00.000Z,2709,東証１部,2802 味の素,2286000,2802,2695,2650
2645,2016-01-14T00:00:00.000Z,2653,東証１部,2802 味の素,2421000,2802,2608,2580
2650,2016-01-15T00:00:00.000Z,2684,東証１部,2802 味の素,2092000,2802,2630,2609
2585,2016-01-18T00:00:00.000Z,2616,東証１部,2802 味の素,1692000,2802,2608,2576
2601,2016-01-19T00:00:00.000Z,2615,東証１部,2802 味の素,1539000,2802,2574,2552
2562,2016-01-20T00:00:00.000Z,2600,東証１部,2802 味の素,1994000,2802,2508,2498
2523,2016-01-21T00:00:00.000Z,2534,東証１部,2802 味の素,1796000,2802,2428,2427
2499,2016-01-22T00:00:00.000Z,2529,東証１部,2802 味の素,2457000,2802,2524,2453
2544,2016-01-25T00:00:00.000Z,2586,東証１部,2802 味の素,1494000,2802,2583,2527
2534,2016-01-26T00:00:00.000Z,2600,東証１部,2802 味の素,2623000,2802,2552,2533
2610,2016-01-27T00:00:00.000Z,2642,東証１部,2802 味の素,2392000,2802,2634,2587
2637,2016-01-28T00:00:00.000Z,2715,東証１部,2802 味の素,2456000,2802,2681,2617
2731,2016-01-29T00:00:00.000Z,2861,東証１部,2802 味の素,3739000,2802,2836,2688
3100,2016-02-01T00:00:00.000Z,3161,東証１部,2802 味の素,6706000,2802,3158,3026
3080,2016-02-02T00:00:00.000Z,3134,東証１部,2802 味の素,2866000,2802,3127,3063
3075,2016-02-03T00:00:00.000Z,3133,東証１部,2802 味の素,3133000,2802,3100,3039
3060,2016-02-04T00:00:00.000Z,3091,東証１部,2802 味の素,2465000,2802,3042,3037
2950,2016-02-05T00:00:00.000Z,2987,東証１部,2802 味の素,4302000,2802,2936,2898
2880,2016-02-08T00:00:00.000Z,2987,東証１部,2802 味の素,2261000,2802,2975,2871
2876,2016-02-09T00:00:00.000Z,2935,東証１部,2802 味の素,2484000,2802,2911,2876
2907,2016-02-10T00:00:00.000Z,2928,東証１部,2802 味の素,2734000,2802,2832,2775
2740,2016-02-12T00:00:00.000Z,2806,東証１部,2802 味の素,3130000,2802,2740,2702
2827,2016-02-15T00:00:00.000Z,2912,東証１部,2802 味の素,2171000,2802,2892,2814
2840,2016-02-16T00:00:00.000Z,2846,東証１部,2802 味の素,2793000,2802,2779,2767
2761,2016-02-17T00:00:00.000Z,2782,東証１部,2802 味の素,2215000,2802,2754,2705
2804,2016-02-18T00:00:00.000Z,2843,東証１部,2802 味の素,2063000,2802,2801,2780
2787,2016-02-19T00:00:00.000Z,2826,東証１部,2802 味の素,1786000,2802,2804,2754
2792,2016-02-22T00:00:00.000Z,2897,東証１部,2802 味の素,1748000,2802,2880,2783
2888,2016-02-23T00:00:00.000Z,2897,東証１部,2802 味の素,2063000,2802,2824,2797
2813,2016-02-24T00:00:00.000Z,2846,東証１部,2802 味の素,1966000,2802,2809,2777
2816,2016-02-25T00:00:00.000Z,2848,東証１部,2802 味の素,1699000,2802,2829,2801
2829,2016-02-26T00:00:00.000Z,2875,東証１部,2802 味の素,2404000,2802,2849,2803
2883,2016-02-29T00:00:00.000Z,2905,東証１部,2802 味の素,2592000,2802,2766,2766
2739,2016-03-01T00:00:00.000Z,2768,東証１部,2802 味の素,3416000,2802,2755,2685
2805,2016-03-02T00:00:00.000Z,2841,東証１部,2802 味の素,2993000,2802,2833,2770
2813,2016-03-03T00:00:00.000Z,2835,東証１部,2802 味の素,1878000,2802,2835,2787
2820,2016-03-04T00:00:00.000Z,2882,東証１部,2802 味の素,2268000,2802,2857,2801
2802,2016-03-07T00:00:00.000Z,2819,東証１部,2802 味の素,2768000,2802,2752,2741
2747,2016-03-08T00:00:00.000Z,2768,東証１部,2802 味の素,3197000,2802,2717,2666
2717,2016-03-09T00:00:00.000Z,2747,東証１部,2802 味の素,1875000,2802,2732,2703
2732,2016-03-10T00:00:00.000Z,2790,東証１部,2802 味の素,1694000,2802,2779,2732
2732,2016-03-11T00:00:00.000Z,2812,東証１部,2802 味の素,3230000,2802,2796,2732
2805,2016-03-14T00:00:00.000Z,2819,東証１部,2802 味の素,1917000,2802,2796,2775
2787,2016-03-15T00:00:00.000Z,2808,東証１部,2802 味の素,1501000,2802,2781,2767
2765,2016-03-16T00:00:00.000Z,2812,東証１部,2802 味の素,1666000,2802,2793,2752
2800,2016-03-17T00:00:00.000Z,2824,東証１部,2802 味の素,1777000,2802,2766,2745
2750,2016-03-18T00:00:00.000Z,2761,東証１部,2802 味の素,2531000,2802,2718,2701
2701,2016-03-22T00:00:00.000Z,2763,東証１部,2802 味の素,2946000,2802,2710,2688
2710,2016-03-23T00:00:00.000Z,2749,東証１部,2802 味の素,1959000,2802,2723,2710
2723,2016-03-24T00:00:00.000Z,2786,東証１部,2802 味の素,2132000,2802,2761,2721
2727,2016-03-25T00:00:00.000Z,2758,東証１部,2802 味の素,2071000,2802,2736,2725
2757,2016-03-28T00:00:00.000Z,2760,東証１部,2802 味の素,2268000,2802,2746,2726
2750,2016-03-29T00:00:00.000Z,2754,東証１部,2802 味の素,2658000,2802,2742,2720
2642,2016-03-30T00:00:00.000Z,2670,東証１部,2802 味の素,6871000,2802,2574,2568
2578,2016-03-31T00:00:00.000Z,2583,東証１部,2802 味の素,5784000,2802,2539,2511
2494,2016-04-01T00:00:00.000Z,2505,東証１部,2802 味の素,4131700,2802,2448,2440
2478,2016-04-04T00:00:00.000Z,2554,東証１部,2802 味の素,5922700,2802,2529,2473
2498,2016-04-05T00:00:00.000Z,2515,東証１部,2802 味の素,2896800,2802,2452,2443
2514,2016-04-06T00:00:00.000Z,2548,東証１部,2802 味の素,3631300,2802,2491,2463
2475,2016-04-07T00:00:00.000Z,2508,東証１部,2802 味の素,2742600,2802,2500,2445
2451,2016-04-08T00:00:00.000Z,2517,東証１部,2802 味の素,3581800,2802,2484,2447
2492,2016-04-11T00:00:00.000Z,2517,東証１部,2802 味の素,2226200,2802,2505,2481
2486,2016-04-12T00:00:00.000Z,2507,東証１部,2802 味の素,1864600,2802,2467,2462
2488,2016-04-13T00:00:00.000Z,2525,東証１部,2802 味の素,1969100,2802,2503,2480
2542,2016-04-14T00:00:00.000Z,2578,東証１部,2802 味の素,2816900,2802,2576,2510
2550,2016-04-15T00:00:00.000Z,2587,東証１部,2802 味の素,1736600,2802,2587,2546
2501,2016-04-18T00:00:00.000Z,2550,東証１部,2802 味の素,1734600,2802,2519,2501
2569,2016-04-19T00:00:00.000Z,2588,東証１部,2802 味の素,2153600,2802,2546,2533
2560,2016-04-20T00:00:00.000Z,2588,東証１部,2802 味の素,1567200,2802,2571,2550
2630,2016-04-21T00:00:00.000Z,2653,東証１部,2802 味の素,2901800,2802,2652,2620
2645,2016-04-22T00:00:00.000Z,2655,東証１部,2802 味の素,2208100,2802,2650,2619
2650,2016-04-25T00:00:00.000Z,2650,東証１部,2802 味の素,2150800,2802,2580,2576
2580,2016-04-26T00:00:00.000Z,2628,東証１部,2802 味の素,1484500,2802,2626,2573
2641,2016-04-27T00:00:00.000Z,2665,東証１部,2802 味の素,2016600,2802,2641,2624
2647,2016-04-28T00:00:00.000Z,2666,東証１部,2802 味の素,2325900,2802,2555,2550
2440,2016-05-02T00:00:00.000Z,2513,東証１部,2802 味の素,2250300,2802,2500,2436
2511,2016-05-06T00:00:00.000Z,2530,東証１部,2802 味の素,2549000,2802,2483,2470
2504,2016-05-09T00:00:00.000Z,2544,東証１部,2802 味の素,2118200,2802,2530,2474
2573,2016-05-10T00:00:00.000Z,2672,東証１部,2802 味の素,5131700,2802,2606,2566
2660,2016-05-11T00:00:00.000Z,2660,東証１部,2802 味の素,4135200,2802,2539,2530
2504,2016-05-12T00:00:00.000Z,2504,東証１部,2802 味の素,3903200,2802,2484,2457
2494,2016-05-13T00:00:00.000Z,2505,東証１部,2802 味の素,2627300,2802,2483,2465
2464,2016-05-16T00:00:00.000Z,2508,東証１部,2802 味の素,2072700,2802,2461,2452
2480,2016-05-17T00:00:00.000Z,2496,東証１部,2802 味の素,1762100,2802,2492,2452
2491,2016-05-18T00:00:00.000Z,2521,東証１部,2802 味の素,2086200,2802,2481,2466
2489,2016-05-19T00:00:00.000Z,2498,東証１部,2802 味の素,1824100,2802,2462,2458
2462,2016-05-20T00:00:00.000Z,2504,東証１部,2802 味の素,2392300,2802,2500,2452
2491,2016-05-23T00:00:00.000Z,2491,東証１部,2802 味の素,1999100,2802,2470,2451
2468,2016-05-24T00:00:00.000Z,2489,東証１部,2802 味の素,1780500,2802,2454,2450
2491,2016-05-25T00:00:00.000Z,2517,東証１部,2802 味の素,2370700,2802,2500,2484
2537,2016-05-26T00:00:00.000Z,2563,東証１部,2802 味の素,2457100,2802,2538,2523
2540,2016-05-27T00:00:00.000Z,2574,東証１部,2802 味の素,2104100,2802,2561,2533
2609,2016-05-30T00:00:00.000Z,2688,東証１部,2802 味の素,4115400,2802,2686,2590
2665,2016-05-31T00:00:00.000Z,2689,東証１部,2802 味の素,3491200,2802,2675,2655
2663,2016-06-01T00:00:00.000Z,2669,東証１部,2802 味の素,2494200,2802,2647,2638
2621,2016-06-02T00:00:00.000Z,2628,東証１部,2802 味の素,3062100,2802,2554,2546
2504,2016-06-03T00:00:00.000Z,2576,東証１部,2802 味の素,2766000,2802,2551,2494
2544,2016-06-06T00:00:00.000Z,2560,東証１部,2802 味の素,2001400,2802,2549,2525
2547,2016-06-07T00:00:00.000Z,2552,東証１部,2802 味の素,2896900,2802,2520,2507
2520,2016-06-08T00:00:00.000Z,2533,東証１部,2802 味の素,2643300,2802,2510,2495
2510,2016-06-09T00:00:00.000Z,2527,東証１部,2802 味の素,2375100,2802,2492,2480
2506,2016-06-10T00:00:00.000Z,2510,東証１部,2802 味の素,3101700,2802,2494,2471
2461,2016-06-13T00:00:00.000Z,2467,東証１部,2802 味の素,2877000,2802,2431,2417
2430,2016-06-14T00:00:00.000Z,2460,東証１部,2802 味の素,2874200,2802,2415,2395
2427,2016-06-15T00:00:00.000Z,2448,東証１部,2802 味の素,2337300,2802,2434,2408
2434,2016-06-16T00:00:00.000Z,2463,東証１部,2802 味の素,2235000,2802,2398,2395
2488,2016-06-17T00:00:00.000Z,2488,東証１部,2802 味の素,3680600,2802,2442,2440
2491,2016-06-20T00:00:00.000Z,2531,東証１部,2802 味の素,3998900,2802,2510,2476
2510,2016-06-21T00:00:00.000Z,2562,東証１部,2802 味の素,2744000,2802,2555,2489
2543,2016-06-22T00:00:00.000Z,2573,東証１部,2802 味の素,2790400,2802,2553,2533
2551,2016-06-23T00:00:00.000Z,2553,東証１部,2802 味の素,3332600,2802,2516,2508
2501,2016-06-24T00:00:00.000Z,2520,東証１部,2802 味の素,3517400,2802,2313,2300
2380,2016-06-27T00:00:00.000Z,2477,東証１部,2802 味の素,2694100,2802,2461,2372
2412,2016-06-28T00:00:00.000Z,2503,東証１部,2802 味の素,2112500,2802,2478,2380
2492,2016-06-29T00:00:00.000Z,2500,東証１部,2802 味の素,2282300,2802,2459,2436
2482,2016-06-30T00:00:00.000Z,2486,東証１部,2802 味の素,3223100,2802,2406,2405
2456,2016-07-01T00:00:00.000Z,2514,東証１部,2802 味の素,2878000,2802,2483,2441
2470,2016-07-04T00:00:00.000Z,2543,東証１部,2802 味の素,2317800,2802,2535,2464
2535,2016-07-05T00:00:00.000Z,2560,東証１部,2802 味の素,1961600,2802,2553,2534
2503,2016-07-06T00:00:00.000Z,2541,東証１部,2802 味の素,3246400,2802,2512,2483
2512,2016-07-07T00:00:00.000Z,2526,東証１部,2802 味の素,1825500,2802,2501,2493
2516,2016-07-08T00:00:00.000Z,2547,東証１部,2802 味の素,2177800,2802,2479,2477
2529,2016-07-11T00:00:00.000Z,2589,東証１部,2802 味の素,2304100,2802,2560,2524
2563,2016-07-12T00:00:00.000Z,2570,東証１部,2802 味の素,2536500,2802,2533,2518
2593,2016-07-13T00:00:00.000Z,2608,東証１部,2802 味の素,2527200,2802,2550,2541
2547,2016-07-14T00:00:00.000Z,2576,東証１部,2802 味の素,1952900,2802,2558,2528
2559,2016-07-15T00:00:00.000Z,2559,東証１部,2802 味の素,1914800,2802,2513,2507
2543,2016-07-19T00:00:00.000Z,2590,東証１部,2802 味の素,2322500,2802,2590,2531
2583,2016-07-20T00:00:00.000Z,2598,東証１部,2802 味の素,1419700,2802,2598,2563
2610,2016-07-21T00:00:00.000Z,2622,東証１部,2802 味の素,1180800,2802,2577,2565
2554,2016-07-22T00:00:00.000Z,2587,東証１部,2802 味の素,1276000,2802,2561,2547
2550,2016-07-25T00:00:00.000Z,2576,東証１部,2802 味の素,1018000,2802,2540,2531
2533,2016-07-26T00:00:00.000Z,2574,東証１部,2802 味の素,1351000,2802,2556,2532
2580,2016-07-27T00:00:00.000Z,2611,東証１部,2802 味の素,1606600,2802,2545,2542
2562,2016-07-28T00:00:00.000Z,2598,東証１部,2802 味の素,2581600,2802,2577,2504
2617,2016-07-29T00:00:00.000Z,2702,東証１部,2802 味の素,4273600,2802,2638,2590
2575,2016-08-01T00:00:00.000Z,2601,東証１部,2802 味の素,1635700,2802,2582,2550
2555,2016-08-02T00:00:00.000Z,2585,東証１部,2802 味の素,1672100,2802,2530,2528
2486,2016-08-03T00:00:00.000Z,2488,東証１部,2802 味の素,2214100,2802,2416,2414
2410,2016-08-04T00:00:00.000Z,2431,東証１部,2802 味の素,2773200,2802,2342,2329
2330,2016-08-05T00:00:00.000Z,2370,東証１部,2802 味の素,2379000,2802,2340,2320
2374,2016-08-08T00:00:00.000Z,2384,東証１部,2802 味の素,1490400,2802,2344,2318
2356,2016-08-09T00:00:00.000Z,2391,東証１部,2802 味の素,1770900,2802,2387,2345
2401,2016-08-10T00:00:00.000Z,2424,東証１部,2802 味の素,2104200,2802,2406,2356
2478,2016-08-12T00:00:00.000Z,2478,東証１部,2802 味の素,2240800,2802,2450,2433
2457,2016-08-15T00:00:00.000Z,2478,東証１部,2802 味の素,1201900,2802,2451,2447
2458,2016-08-16T00:00:00.000Z,2458,東証１部,2802 味の素,1499200,2802,2412,2402
2416,2016-08-17T00:00:00.000Z,2427,東証１部,2802 味の素,1446900,2802,2412,2394
2421,2016-08-18T00:00:00.000Z,2430,東証１部,2802 味の素,1777900,2802,2349,2349
2359,2016-08-19T00:00:00.000Z,2361,東証１部,2802 味の素,1875300,2802,2300,2277
2302,2016-08-22T00:00:00.000Z,2302,東証１部,2802 味の素,1523300,2802,2296,2280
2287,2016-08-23T00:00:00.000Z,2334,東証１部,2802 味の素,1659300,2802,2304,2286
2300,2016-08-24T00:00:00.000Z,2319,東証１部,2802 味の素,1284500,2802,2317,2293
2306,2016-08-25T00:00:00.000Z,2317,東証１部,2802 味の素,2002700,2802,2295,2290
2297,2016-08-26T00:00:00.000Z,2298,東証１部,2802 味の素,1762600,2802,2273,2270
2308,2016-08-29T00:00:00.000Z,2312,東証１部,2802 味の素,1752500,2802,2265,2260
2265,2016-08-30T00:00:00.000Z,2269,東証１部,2802 味の素,2376200,2802,2221,2218
2203,2016-08-31T00:00:00.000Z,2203,東証１部,2802 味の素,2578400,2802,2193,2165
2193,2016-09-01T00:00:00.000Z,2240,東証１部,2802 味の素,2199800,2802,2238,2190
2234,2016-09-02T00:00:00.000Z,2283,東証１部,2802 味の素,2164400,2802,2251,2234
2251,2016-09-05T00:00:00.000Z,2255,東証１部,2802 味の素,1280600,2802,2227,2224
2231,2016-09-06T00:00:00.000Z,2266,東証１部,2802 味の素,1571900,2802,2263,2217
2260,2016-09-07T00:00:00.000Z,2279,東証１部,2802 味の素,1635500,2802,2275,2255
2274,2016-09-08T00:00:00.000Z,2274,東証１部,2802 味の素,1569000,2802,2262,2240
2272,2016-09-09T00:00:00.000Z,2273,東証１部,2802 味の素,2014400,2802,2240,2235
2216,2016-09-12T00:00:00.000Z,2226,東証１部,2802 味の素,984300,2802,2217,2201
2207,2016-09-13T00:00:00.000Z,2233,東証１部,2802 味の素,1976600,2802,2224,2196
2227,2016-09-14T00:00:00.000Z,2269,東証１部,2802 味の素,1896300,2802,2252,2226
2230,2016-09-15T00:00:00.000Z,2247,東証１部,2802 味の素,1352700,2802,2238,2223
2249,2016-09-16T00:00:00.000Z,2249,東証１部,2802 味の素,2254700,2802,2221,2209
2203,2016-09-20T00:00:00.000Z,2248,東証１部,2802 味の素,1530000,2802,2224,2201
2218,2016-09-21T00:00:00.000Z,2271,東証１部,2802 味の素,1476100,2802,2269,2211
2270,2016-09-23T00:00:00.000Z,2272,東証１部,2802 味の素,1262300,2802,2266,2249
2257,2016-09-26T00:00:00.000Z,2269,東証１部,2802 味の素,1122800,2802,2240,2232
2223,2016-09-27T00:00:00.000Z,2300,東証１部,2802 味の素,1925200,2802,2298,2221
2300,2016-09-28T00:00:00.000Z,2308,東証１部,2802 味の素,1982900,2802,2297,2272
2320,2016-09-29T00:00:00.000Z,2321,東証１部,2802 味の素,1967100,2802,2283,2280
2253,2016-09-30T00:00:00.000Z,2267,東証１部,2802 味の素,1682800,2802,2242,2240
2253,2016-10-03T00:00:00.000Z,2273,東証１部,2802 味の素,1009300,2802,2263,2243
2264,2016-10-04T00:00:00.000Z,2265,東証１部,2802 味の素,1126600,2802,2260,2248
2256,2016-10-05T00:00:00.000Z,2264,東証１部,2802 味の素,998300,2802,2254,2242
2259,2016-10-06T00:00:00.000Z,2289,東証１部,2802 味の素,1167900,2802,2283,2246
2284,2016-10-07T00:00:00.000Z,2299,東証１部,2802 味の素,1792100,2802,2296,2269
2299,2016-10-11T00:00:00.000Z,2300,東証１部,2802 味の素,1486600,2802,2285,2270
2299,2016-10-12T00:00:00.000Z,2328,東証１部,2802 味の素,1890300,2802,2287,2285
2300,2016-10-13T00:00:00.000Z,2310,東証１部,2802 味の素,1272200,2802,2283,2278
2281,2016-10-14T00:00:00.000Z,2287,東証１部,2802 味の素,2162900,2802,2249,2241
2249,2016-10-17T00:00:00.000Z,2266,東証１部,2802 味の素,1296000,2802,2256,2236
2250,2016-10-18T00:00:00.000Z,2267,東証１部,2802 味の素,1553000,2802,2257,2240
2258,2016-10-19T00:00:00.000Z,2290,東証１部,2802 味の素,1115400,2802,2284,2251
2278,2016-10-20T00:00:00.000Z,2308,東証１部,2802 味の素,1403900,2802,2297,2274
2306,2016-10-21T00:00:00.000Z,2306,東証１部,2802 味の素,1339200,2802,2279,2271
2284,2016-10-24T00:00:00.000Z,2297,東証１部,2802 味の素,874800,2802,2295,2282
2307,2016-10-25T00:00:00.000Z,2319,東証１部,2802 味の素,1618300,2802,2313,2297
2314,2016-10-26T00:00:00.000Z,2329,東証１部,2802 味の素,1283600,2802,2322,2303
2334,2016-10-27T00:00:00.000Z,2359,東証１部,2802 味の素,1653600,2802,2344,2325
2360,2016-10-28T00:00:00.000Z,2363,東証１部,2802 味の素,1851700,2802,2343,2335
2340,2016-10-31T00:00:00.000Z,2355,東証１部,2802 味の素,1259500,2802,2336,2328
2324,2016-11-01T00:00:00.000Z,2340,東証１部,2802 味の素,1282600,2802,2333,2308
2323,2016-11-02T00:00:00.000Z,2354,東証１部,2802 味の素,1374800,2802,2348,2318
2339,2016-11-04T00:00:00.000Z,2348,東証１部,2802 味の素,1820800,2802,2341,2320
2347,2016-11-07T00:00:00.000Z,2356,東証１部,2802 味の素,1493500,2802,2348,2315
2323,2016-11-08T00:00:00.000Z,2342,東証１部,2802 味の素,4049300,2802,2254,2235
2212,2016-11-09T00:00:00.000Z,2231,東証１部,2802 味の素,5065600,2802,2067,2020
2175,2016-11-10T00:00:00.000Z,2189,東証１部,2802 味の素,3985800,2802,2116,2115
2125,2016-11-11T00:00:00.000Z,2134,東証１部,2802 味の素,4418700,2802,2053,2050
2100,2016-11-14T00:00:00.000Z,2100,東証１部,2802 味の素,2777600,2802,2046,2038
2050,2016-11-15T00:00:00.000Z,2059,東証１部,2802 味の素,2544600,2802,2034,2022
2058,2016-11-16T00:00:00.000Z,2066,東証１部,2802 味の素,3814400,2802,2030,2028
2049,2016-11-17T00:00:00.000Z,2092,東証１部,2802 味の素,3944500,2802,2091,2047
2105,2016-11-18T00:00:00.000Z,2127,東証１部,2802 味の素,3436300,2802,2120,2081
2146,2016-11-21T00:00:00.000Z,2189,東証１部,2802 味の素,3267200,2802,2186,2131
2175,2016-11-22T00:00:00.000Z,2202,東証１部,2802 味の素,3569100,2802,2182,2160
2193,2016-11-24T00:00:00.000Z,2194,東証１部,2802 味の素,2816000,2802,2162,2153
2162,2016-11-25T00:00:00.000Z,2213,東証１部,2802 味の素,2955400,2802,2213,2160
2226,2016-11-28T00:00:00.000Z,2227,東証１部,2802 味の素,2619300,2802,2193,2187
2202,2016-11-29T00:00:00.000Z,2212,東証１部,2802 味の素,2429500,2802,2201,2191
2191,2016-11-30T00:00:00.000Z,2219,東証１部,2802 味の素,3772300,2802,2212,2188
2213,2016-12-01T00:00:00.000Z,2287,東証１部,2802 味の素,4118900,2802,2261,2213
2242,2016-12-02T00:00:00.000Z,2275,東証１部,2802 味の素,3779700,2802,2252,2240
2260,2016-12-05T00:00:00.000Z,2279,東証１部,2802 味の素,2494500,2802,2234,2226
2226,2016-12-06T00:00:00.000Z,2230,東証１部,2802 味の素,4072200,2802,2182,2180
2161,2016-12-07T00:00:00.000Z,2192,東証１部,2802 味の素,2475900,2802,2190,2156
2210,2016-12-08T00:00:00.000Z,2232,東証１部,2802 味の素,3758700,2802,2225,2177
2225,2016-12-09T00:00:00.000Z,2245,東証１部,2802 味の素,3674500,2802,2231,2212
2266,2016-12-12T00:00:00.000Z,2352,東証１部,2802 味の素,3801100,2802,2335,2254
2335,2016-12-13T00:00:00.000Z,2379,東証１部,2802 味の素,3592500,2802,2364,2335
2388,2016-12-14T00:00:00.000Z,2414,東証１部,2802 味の素,3484500,2802,2368,2361
2377,2016-12-15T00:00:00.000Z,2393,東証１部,2802 味の素,2583700,2802,2374,2365
2395,2016-12-16T00:00:00.000Z,2409,東証１部,2802 味の素,2683800,2802,2398,2384
2409,2016-12-19T00:00:00.000Z,2434,東証１部,2802 味の素,2765500,2802,2430,2400
2415,2016-12-20T00:00:00.000Z,2439,東証１部,2802 味の素,2716800,2802,2406,2403
2425,2016-12-21T00:00:00.000Z,2429,東証１部,2802 味の素,2403900,2802,2386,2379
2395,2016-12-22T00:00:00.000Z,2399,東証１部,2802 味の素,2490700,2802,2361,2345
2367,2016-12-26T00:00:00.000Z,2394,東証１部,2802 味の素,1892200,2802,2385,2363
2376,2016-12-27T00:00:00.000Z,2393,東証１部,2802 味の素,1451600,2802,2371,2368
2371,2016-12-28T00:00:00.000Z,2371,東証１部,2802 味の素,1315900,2802,2354,2350
2341,2016-12-29T00:00:00.000Z,2356,東証１部,2802 味の素,1804800,2802,2344,2334
2343,2016-12-30T00:00:00.000Z,2362,東証１部,2802 味の素,1725600,2802,2354,2328
2376,2017-01-04T00:00:00.000Z,2413,東証１部,2802 味の素,2273400,2802,2412,2372
2400,2017-01-05T00:00:00.000Z,2406,東証１部,2802 味の素,1546500,2802,2377,2374
2380,2017-01-06T00:00:00.000Z,2395,東証１部,2802 味の素,2137700,2802,2376,2368
2371,2017-01-10T00:00:00.000Z,2388,東証１部,2802 味の素,2229000,2802,2349,2348
2348,2017-01-11T00:00:00.000Z,2348,東証１部,2802 味の素,2255500,2802,2327,2322
2333,2017-01-12T00:00:00.000Z,2336,東証１部,2802 味の素,2365900,2802,2291,2287
2293,2017-01-13T00:00:00.000Z,2328,東証１部,2802 味の素,1530200,2802,2316,2287
2306,2017-01-16T00:00:00.000Z,2316,東証１部,2802 味の素,1346900,2802,2305,2295
2308,2017-01-17T00:00:00.000Z,2308,東証１部,2802 味の素,1615400,2802,2250,2250
2265,2017-01-18T00:00:00.000Z,2265,東証１部,2802 味の素,1582800,2802,2252,2230
2245,2017-01-19T00:00:00.000Z,2273,東証１部,2802 味の素,1769500,2802,2261,2240
2254,2017-01-20T00:00:00.000Z,2274,東証１部,2802 味の素,1418900,2802,2264,2248
2251,2017-01-23T00:00:00.000Z,2253,東証１部,2802 味の素,2436000,2802,2206,2205
2200,2017-01-24T00:00:00.000Z,2223,東証１部,2802 味の素,1849900,2802,2207,2200
2227,2017-01-25T00:00:00.000Z,2244,東証１部,2802 味の素,1842300,2802,2212,2207
2211,2017-01-26T00:00:00.000Z,2237,東証１部,2802 味の素,1894000,2802,2224,2202
2231,2017-01-27T00:00:00.000Z,2265,東証１部,2802 味の素,1618100,2802,2260,2222
2260,2017-01-30T00:00:00.000Z,2273,東証１部,2802 味の素,1644800,2802,2255,2234
2232,2017-01-31T00:00:00.000Z,2250,東証１部,2802 味の素,1857600,2802,2228,2225
2280,2017-02-01T00:00:00.000Z,2314,東証１部,2802 味の素,3290200,2802,2305,2278
2330,2017-02-02T00:00:00.000Z,2367,東証１部,2802 味の素,3276000,2802,2318,2311
2316,2017-02-03T00:00:00.000Z,2336,東証１部,2802 味の素,1598800,2802,2299,2296
2326,2017-02-06T00:00:00.000Z,2326,東証１部,2802 味の素,2044100,2802,2288,2283
2275,2017-02-07T00:00:00.000Z,2297,東証１部,2802 味の素,1291500,2802,2288,2263
2304,2017-02-08T00:00:00.000Z,2309,東証１部,2802 味の素,895500,2802,2288,2274
2284,2017-02-09T00:00:00.000Z,2289,東証１部,2802 味の素,1394300,2802,2269,2262
2319,2017-02-10T00:00:00.000Z,2322,東証１部,2802 味の素,1738900,2802,2302,2294
2323,2017-02-13T00:00:00.000Z,2330,東証１部,2802 味の素,1538200,2802,2308,2305
2304,2017-02-14T00:00:00.000Z,2313,東証１部,2802 味の素,1648200,2802,2268,2267
2292,2017-02-15T00:00:00.000Z,2297,東証１部,2802 味の素,1258500,2802,2263,2261
2274,2017-02-16T00:00:00.000Z,2324,東証１部,2802 味の素,2286300,2802,2319,2270
2301,2017-02-17T00:00:00.000Z,2338,東証１部,2802 味の素,4017800,2802,2337,2261
2335,2017-02-20T00:00:00.000Z,2338,東証１部,2802 味の素,1451100,2802,2319,2308
2324,2017-02-21T00:00:00.000Z,2332,東証１部,2802 味の素,1766200,2802,2301,2297
2292,2017-02-22T00:00:00.000Z,2292,東証１部,2802 味の素,4387500,2802,2239,2232
2241,2017-02-23T00:00:00.000Z,2245,東証１部,2802 味の素,2644700,2802,2233,2229
2229,2017-02-24T00:00:00.000Z,2260,東証１部,2802 味の素,2055700,2802,2254,2228
2250,2017-02-27T00:00:00.000Z,2271,東証１部,2802 味の素,1543300,2802,2256,2245
2263,2017-02-28T00:00:00.000Z,2297,東証１部,2802 味の素,2533400,2802,2274,2254
2285,2017-03-01T00:00:00.000Z,2286,東証１部,2802 味の素,1940000,2802,2271,2257
2296,2017-03-02T00:00:00.000Z,2296,東証１部,2802 味の素,2268300,2802,2263,2256
2272,2017-03-03T00:00:00.000Z,2274,東証１部,2802 味の素,1359400,2802,2262,2256
2260,2017-03-06T00:00:00.000Z,2266,東証１部,2802 味の素,1222800,2802,2261,2245
2253,2017-03-07T00:00:00.000Z,2272,東証１部,2802 味の素,1438100,2802,2268,2253
2269,2017-03-08T00:00:00.000Z,2269,東証１部,2802 味の素,1900400,2802,2242,2238
2251,2017-03-09T00:00:00.000Z,2251,東証１部,2802 味の素,1381300,2802,2238,2232
2255,2017-03-10T00:00:00.000Z,2281,東証１部,2802 味の素,2607900,2802,2281,2247
2282,2017-03-13T00:00:00.000Z,2289,東証１部,2802 味の素,1547400,2802,2268,2263
2270,2017-03-14T00:00:00.000Z,2288,東証１部,2802 味の素,1209200,2802,2282,2268
2285,2017-03-15T00:00:00.000Z,2304,東証１部,2802 味の素,1179300,2802,2302,2277
2279,2017-03-16T00:00:00.000Z,2315,東証１部,2802 味の素,1880700,2802,2303,2276
2293,2017-03-17T00:00:00.000Z,2298,東証１部,2802 味の素,1557200,2802,2282,2276
2278,2017-03-21T00:00:00.000Z,2283,東証１部,2802 味の素,1064700,2802,2271,2265
2258,2017-03-22T00:00:00.000Z,2264,東証１部,2802 味の素,1659100,2802,2241,2241
2244,2017-03-23T00:00:00.000Z,2257,東証１部,2802 味の素,1377300,2802,2254,2236
2250,2017-03-24T00:00:00.000Z,2293,東証１部,2802 味の素,3399900,2802,2287,2238
2270,2017-03-27T00:00:00.000Z,2285,東証１部,2802 味の素,1293600,2802,2254,2250
2273,2017-03-28T00:00:00.000Z,2279,東証１部,2802 味の素,1645400,2802,2270,2257
2260,2017-03-29T00:00:00.000Z,2289,東証１部,2802 味の素,1783300,2802,2281,2252
2271,2017-03-30T00:00:00.000Z,2275,東証１部,2802 味の素,1989800,2802,2213,2209
2220,2017-03-31T00:00:00.000Z,2242,東証１部,2802 味の素,2527900,2802,2196,2196
2217,2017-04-03T00:00:00.000Z,2243,東証１部,2802 味の素,2194500,2802,2226,2209
2235,2017-04-04T00:00:00.000Z,2256,東証１部,2802 味の素,1994500,2802,2237,2220
2233,2017-04-05T00:00:00.000Z,2251,東証１部,2802 味の素,1461100,2802,2217,2210
2200,2017-04-06T00:00:00.000Z,2206,東証１部,2802 味の素,2438700,2802,2149,2145
2156,2017-04-07T00:00:00.000Z,2165,東証１部,2802 味の素,2394500,2802,2152,2131
2160,2017-04-10T00:00:00.000Z,2171,東証１部,2802 味の素,1798300,2802,2142,2122
2152,2017-04-11T00:00:00.000Z,2161,東証１部,2802 味の素,1211200,2802,2148,2138
2131,2017-04-12T00:00:00.000Z,2159,東証１部,2802 味の素,1575000,2802,2152,2126
2151,2017-04-13T00:00:00.000Z,2158,東証１部,2802 味の素,1289200,2802,2149,2142
2163,2017-04-14T00:00:00.000Z,2167,東証１部,2802 味の素,1628400,2802,2129,2116
2126,2017-04-17T00:00:00.000Z,2158,東証１部,2802 味の素,767400,2802,2156,2125
2163,2017-04-18T00:00:00.000Z,2177,東証１部,2802 味の素,1415400,2802,2154,2142
2145,2017-04-19T00:00:00.000Z,2167,東証１部,2802 味の素,1298000,2802,2147,2144
2140,2017-04-20T00:00:00.000Z,2141,東証１部,2802 味の素,2537000,2802,2103,2097
2118,2017-04-21T00:00:00.000Z,2146,東証１部,2802 味の素,2717000,2802,2138,2116
2157,2017-04-24T00:00:00.000Z,2181,東証１部,2802 味の素,2019300,2802,2172,2149
2165,2017-04-25T00:00:00.000Z,2182,東証１部,2802 味の素,1199700,2802,2179,2159
2178,2017-04-26T00:00:00.000Z,2203,東証１部,2802 味の素,1532100,2802,2199,2164
2194,2017-04-27T00:00:00.000Z,2208,東証１部,2802 味の素,1397000,2802,2188,2185
2192,2017-04-28T00:00:00.000Z,2192,東証１部,2802 味の素,1619500,2802,2169,2162
2167,2017-05-01T00:00:00.000Z,2178,東証１部,2802 味の素,869100,2802,2165,2160
2155,2017-05-02T00:00:00.000Z,2192,東証１部,2802 味の素,1338600,2802,2179,2125
2200,2017-05-08T00:00:00.000Z,2224,東証１部,2802 味の素,2458200,2802,2218,2199
2224,2017-05-09T00:00:00.000Z,2237,東証１部,2802 味の素,2582100,2802,2214,2212
2214,2017-05-10T00:00:00.000Z,2219,東証１部,2802 味の素,2235800,2802,2209,2199
2219,2017-05-11T00:00:00.000Z,2252,東証１部,2802 味の素,2336100,2802,2250,2211
2248,2017-05-12T00:00:00.000Z,2259,東証１部,2802 味の素,2313300,2802,2257,2231
2248,2017-05-15T00:00:00.000Z,2279,東証１部,2802 味の素,3244400,2802,2240,2236
2253,2017-05-16T00:00:00.000Z,2333,東証１部,2802 味の素,4676400,2802,2327,2253
2331,2017-05-17T00:00:00.000Z,2379,東証１部,2802 味の素,4380400,2802,2378,2321
2347,2017-05-18T00:00:00.000Z,2372,東証１部,2802 味の素,3050400,2802,2371,2323
2354,2017-05-19T00:00:00.000Z,2373,東証１部,2802 味の素,2058900,2802,2350,2336
2347,2017-05-22T00:00:00.000Z,2358,東証１部,2802 味の素,1719700,2802,2357,2321
2335,2017-05-23T00:00:00.000Z,2371,東証１部,2802 味の素,1698600,2802,2366,2331
2375,2017-05-24T00:00:00.000Z,2388,東証１部,2802 味の素,1967000,2802,2370,2349
2378,2017-05-25T00:00:00.000Z,2398,東証１部,2802 味の素,2736600,2802,2386,2373
2380,2017-05-26T00:00:00.000Z,2392,東証１部,2802 味の素,1859300,2802,2385,2369
2395,2017-05-29T00:00:00.000Z,2400,東証１部,2802 味の素,1316600,2802,2393,2386
2399,2017-05-30T00:00:00.000Z,2400,東証１部,2802 味の素,1215300,2802,2383,2367
2366,2017-05-31T00:00:00.000Z,2380,東証１部,2802 味の素,2066900,2802,2371,2357
2368,2017-06-01T00:00:00.000Z,2397,東証１部,2802 味の素,2506200,2802,2393,2354
2397,2017-06-02T00:00:00.000Z,2398,東証１部,2802 味の素,2778400,2802,2388,2378
2375,2017-06-05T00:00:00.000Z,2416,東証１部,2802 味の素,2752100,2802,2412,2365
2413,2017-06-06T00:00:00.000Z,2418,東証１部,2802 味の素,1692700,2802,2407,2391
2406,2017-06-07T00:00:00.000Z,2446,東証１部,2802 味の素,2284700,2802,2443,2402
2455,2017-06-08T00:00:00.000Z,2471,東証１部,2802 味の素,2628200,2802,2450,2445
2454,2017-06-09T00:00:00.000Z,2457,東証１部,2802 味の素,2779400,2802,2443,2428
2450,2017-06-12T00:00:00.000Z,2482,東証１部,2802 味の素,1857800,2802,2481,2449
2484,2017-06-13T00:00:00.000Z,2487,東証１部,2802 味の素,1550500,2802,2475,2461
2470,2017-06-14T00:00:00.000Z,2477,東証１部,2802 味の素,1467100,2802,2457,2447
2481,2017-06-15T00:00:00.000Z,2490,東証１部,2802 味の素,1851000,2802,2468,2452
2478,2017-06-16T00:00:00.000Z,2486,東証１部,2802 味の素,2058300,2802,2481,2463
2477,2017-06-19T00:00:00.000Z,2507,東証１部,2802 味の素,1504000,2802,2504,2468
2513,2017-06-20T00:00:00.000Z,2521,東証１部,2802 味の素,1562100,2802,2510,2507
2535,2017-06-21T00:00:00.000Z,2543,東証１部,2802 味の素,1577000,2802,2513,2508
2519,2017-06-22T00:00:00.000Z,2523,東証１部,2802 味の素,1238500,2802,2514,2503
2512,2017-06-23T00:00:00.000Z,2512,東証１部,2802 味の素,1156100,2802,2499,2492
2490,2017-06-26T00:00:00.000Z,2501,東証１部,2802 味の素,1615100,2802,2475,2475
2480,2017-06-27T00:00:00.000Z,2497,東証１部,2802 味の素,1568000,2802,2472,2467
2458,2017-06-28T00:00:00.000Z,2476,東証１部,2802 味の素,1776200,2802,2452,2447
2460,2017-06-29T00:00:00.000Z,2481,東証１部,2802 味の素,1208500,2802,2468,2453
2430,2017-06-30T00:00:00.000Z,2439,東証１部,2802 味の素,1858500,2802,2426,2417
2433,2017-07-03T00:00:00.000Z,2439,東証１部,2802 味の素,1174700,2802,2411,2407
2430,2017-07-04T00:00:00.000Z,2430,東証１部,2802 味の素,1531200,2802,2397,2387
2393,2017-07-05T00:00:00.000Z,2393,東証１部,2802 味の素,1706400,2802,2375,2352
2377,2017-07-06T00:00:00.000Z,2407,東証１部,2802 味の素,1829800,2802,2377,2369
2360,2017-07-07T00:00:00.000Z,2378,東証１部,2802 味の素,1389200,2802,2365,2352
2366,2017-07-10T00:00:00.000Z,2374,東証１部,2802 味の素,1831300,2802,2368,2354
2380,2017-07-11T00:00:00.000Z,2403,東証１部,2802 味の素,1586900,2802,2398,2365
2410,2017-07-12T00:00:00.000Z,2422,東証１部,2802 味の素,1819500,2802,2416,2403
2432,2017-07-13T00:00:00.000Z,2445,東証１部,2802 味の素,1942100,2802,2445,2418
2457,2017-07-14T00:00:00.000Z,2463,東証１部,2802 味の素,1490200,2802,2438,2435
2447,2017-07-18T00:00:00.000Z,2457,東証１部,2802 味の素,1899800,2802,2455,2427
2450,2017-07-19T00:00:00.000Z,2468,東証１部,2802 味の素,1094500,2802,2438,2436
2434,2017-07-20T00:00:00.000Z,2446,東証１部,2802 味の素,1315400,2802,2436,2427
2430,2017-07-21T00:00:00.000Z,2438,東証１部,2802 味の素,1311800,2802,2426,2420
2417,2017-07-24T00:00:00.000Z,2420,東証１部,2802 味の素,1268300,2802,2409,2395
2398,2017-07-25T00:00:00.000Z,2409,東証１部,2802 味の素,1387200,2802,2386,2385
2398,2017-07-26T00:00:00.000Z,2398,東証１部,2802 味の素,1182600,2802,2372,2369
2360,2017-07-27T00:00:00.000Z,2393,東証１部,2802 味の素,1547300,2802,2378,2355
2378,2017-07-28T00:00:00.000Z,2393,東証１部,2802 味の素,1345100,2802,2392,2367
2384,2017-07-31T00:00:00.000Z,2392,東証１部,2802 味の素,5645200,2802,2219,2207
2251,2017-08-01T00:00:00.000Z,2296,東証１部,2802 味の素,4090300,2802,2264,2246
2271,2017-08-02T00:00:00.000Z,2277,東証１部,2802 味の素,3294100,2802,2236,2223
2235,2017-08-03T00:00:00.000Z,2250,東証１部,2802 味の素,1847800,2802,2240,2235
2240,2017-08-04T00:00:00.000Z,2251,東証１部,2802 味の素,1840300,2802,2230,2221
2230,2017-08-07T00:00:00.000Z,2234,東証１部,2802 味の素,1828800,2802,2225,2215
2220,2017-08-08T00:00:00.000Z,2241,東証１部,2802 味の素,2229500,2802,2239,2217
2250,2017-08-09T00:00:00.000Z,2254,東証１部,2802 味の素,1984400,2802,2233,2227
2246,2017-08-10T00:00:00.000Z,2246,東証１部,2802 味の素,2047100,2802,2224,2215
2222,2017-08-14T00:00:00.000Z,2228,東証１部,2802 味の素,1898700,2802,2204,2204
2212,2017-08-15T00:00:00.000Z,2245,東証１部,2802 味の素,1963100,2802,2235,2204
2237,2017-08-16T00:00:00.000Z,2256,東証１部,2802 味の素,1279300,2802,2240,2237
2241,2017-08-17T00:00:00.000Z,2246,東証１部,2802 味の素,1134800,2802,2223,2223
2212,2017-08-18T00:00:00.000Z,2219,東証１部,2802 味の素,1685000,2802,2216,2200
2215,2017-08-21T00:00:00.000Z,2218,東証１部,2802 味の素,1615400,2802,2193,2191
2187,2017-08-22T00:00:00.000Z,2189,東証１部,2802 味の素,2055400,2802,2162,2160
2187,2017-08-23T00:00:00.000Z,2187,東証１部,2802 味の素,2487500,2802,2160,2156
2158,2017-08-24T00:00:00.000Z,2165,東証１部,2802 味の素,2174500,2802,2149,2144
2149,2017-08-25T00:00:00.000Z,2163,東証１部,2802 味の素,1350000,2802,2156,2141
2165,2017-08-28T00:00:00.000Z,2167,東証１部,2802 味の素,1281200,2802,2158,2149
2158,2017-08-29T00:00:00.000Z,2188,東証１部,2802 味の素,1499300,2802,2172,2156
2188,2017-08-30T00:00:00.000Z,2189,東証１部,2802 味の素,1330100,2802,2175,2167
2180,2017-08-31T00:00:00.000Z,2184,東証１部,2802 味の素,1494200,2802,2171,2169
2184,2017-09-01T00:00:00.000Z,2184,東証１部,2802 味の素,1466200,2802,2153,2152
2151,2017-09-04T00:00:00.000Z,2151,東証１部,2802 味の素,1366300,2802,2142,2129
2153,2017-09-05T00:00:00.000Z,2154,東証１部,2802 味の素,1133500,2802,2129,2127
2130,2017-09-06T00:00:00.000Z,2137,東証１部,2802 味の素,1398200,2802,2127,2115
2135,2017-09-07T00:00:00.000Z,2144,東証１部,2802 味の素,1193300,2802,2126,2122
2104,2017-09-08T00:00:00.000Z,2123,東証１部,2802 味の素,3094600,2802,2101,2096
2114,2017-09-11T00:00:00.000Z,2117,東証１部,2802 味の素,1626200,2802,2108,2103
2118,2017-09-12T00:00:00.000Z,2141,東証１部,2802 味の素,1794800,2802,2135,2106
2141,2017-09-13T00:00:00.000Z,2143,東証１部,2802 味の素,1586700,2802,2128,2125
2141,2017-09-14T00:00:00.000Z,2157,東証１部,2802 味の素,1411400,2802,2144,2137
2142,2017-09-15T00:00:00.000Z,2161,東証１部,2802 味の素,2360100,2802,2157,2134
2179,2017-09-19T00:00:00.000Z,2180,東証１部,2802 味の素,2488500,2802,2169,2162
2174,2017-09-20T00:00:00.000Z,2183,東証１部,2802 味の素,1891400,2802,2169,2163
2174,2017-09-21T00:00:00.000Z,2196,東証１部,2802 味の素,2264700,2802,2178,2168
2180,2017-09-22T00:00:00.000Z,2191,東証１部,2802 味の素,1753200,2802,2176,2166
2189,2017-09-25T00:00:00.000Z,2194,東証１部,2802 味の素,1280000,2802,2189,2174
2196,2017-09-26T00:00:00.000Z,2199,東証１部,2802 味の素,1758200,2802,2186,2183
2173,2017-09-27T00:00:00.000Z,2177,東証１部,2802 味の素,1374600,2802,2158,2153
2158,2017-09-28T00:00:00.000Z,2164,東証１部,2802 味の素,1280000,2802,2160,2146
2160,2017-09-29T00:00:00.000Z,2199,東証１部,2802 味の素,2553700,2802,2196,2150
2215,2017-10-02T00:00:00.000Z,2216,東証１部,2802 味の素,1693600,2802,2198,2192
2198,2017-10-03T00:00:00.000Z,2206,東証１部,2802 味の素,1464000,2802,2200,2181
2215,2017-10-04T00:00:00.000Z,2232,東証１部,2802 味の素,2215300,2802,2231,2202
2235,2017-10-05T00:00:00.000Z,2255,東証１部,2802 味の素,1528000,2802,2233,2222
2235,2017-10-06T00:00:00.000Z,2238,東証１部,2802 味の素,1081200,2802,2218,2214
2229,2017-10-10T00:00:00.000Z,2251,東証１部,2802 味の素,1777800,2802,2249,2225
2260,2017-10-11T00:00:00.000Z,2261,東証１部,2802 味の素,1522800,2802,2249,2241
2265,2017-10-12T00:00:00.000Z,2291,東証１部,2802 味の素,2432300,2802,2267,2258
2263,2017-10-13T00:00:00.000Z,2271,東証１部,2802 味の素,2489900,2802,2265,2247
2277,2017-10-16T00:00:00.000Z,2296,東証１部,2802 味の素,1763300,2802,2290,2270
2296,2017-10-17T00:00:00.000Z,2297,東証１部,2802 味の素,1526400,2802,2281,2267
2269,2017-10-18T00:00:00.000Z,2306,東証１部,2802 味の素,1963900,2802,2303,2268
2304,2017-10-19T00:00:00.000Z,2310,東証１部,2802 味の素,1324700,2802,2284,2283
2239,2017-10-20T00:00:00.000Z,2269,東証１部,2802 味の素,2112300,2802,2260,2235
2270,2017-10-23T00:00:00.000Z,2288,東証１部,2802 味の素,1778800,2802,2282,2260
2284,2017-10-24T00:00:00.000Z,2322,東証１部,2802 味の素,2200100,2802,2321,2282
2310,2017-10-25T00:00:00.000Z,2317,東証１部,2802 味の素,1813300,2802,2298,2291
2300,2017-10-26T00:00:00.000Z,2308,東証１部,2802 味の素,1506700,2802,2295,2283
2306,2017-10-27T00:00:00.000Z,2308,東証１部,2802 味の素,1437600,2802,2293,2289
2295,2017-10-30T00:00:00.000Z,2297,東証１部,2802 味の素,1624900,2802,2290,2282
2280,2017-10-31T00:00:00.000Z,2282,東証１部,2802 味の素,1503000,2802,2276,2263
2297,2017-11-01T00:00:00.000Z,2313,東証１部,2802 味の素,1780600,2802,2299,2281
2314,2017-11-02T00:00:00.000Z,2315,東証１部,2802 味の素,1461400,2802,2305,2290
2302,2017-11-06T00:00:00.000Z,2317,東証１部,2802 味の素,1378100,2802,2312,2295
2301,2017-11-07T00:00:00.000Z,2394,東証１部,2802 味の素,4082100,2802,2308,2250
2195,2017-11-08T00:00:00.000Z,2226,東証１部,2802 味の素,7279600,2802,2193,2190
2197,2017-11-09T00:00:00.000Z,2217,東証１部,2802 味の素,6288600,2802,2176,2160
2162,2017-11-10T00:00:00.000Z,2175,東証１部,2802 味の素,3390500,2802,2162,2148
2160,2017-11-13T00:00:00.000Z,2161,東証１部,2802 味の素,1878700,2802,2150,2148
2102,2017-11-14T00:00:00.000Z,2113,東証１部,2802 味の素,6439700,2802,2088,2024
2080,2017-11-15T00:00:00.000Z,2083,東証１部,2802 味の素,4592300,2802,2048,2036
2050,2017-11-16T00:00:00.000Z,2099,東証１部,2802 味の素,3788400,2802,2095,2047
2126,2017-11-17T00:00:00.000Z,2131,東証１部,2802 味の素,3358300,2802,2109,2095
2102,2017-11-20T00:00:00.000Z,2116,東証１部,2802 味の素,1900700,2802,2111,2082
2114,2017-11-21T00:00:00.000Z,2115,東証１部,2802 味の素,2118900,2802,2103,2097
2091,2017-11-22T00:00:00.000Z,2094,東証１部,2802 味の素,4810300,2802,2049,2047
2051,2017-11-24T00:00:00.000Z,2071,東証１部,2802 味の素,2348700,2802,2065,2041
2075,2017-11-27T00:00:00.000Z,2075,東証１部,2802 味の素,1785500,2802,2057,2055
2048,2017-11-28T00:00:00.000Z,2054,東証１部,2802 味の素,3165700,2802,2051,2036
2052,2017-11-29T00:00:00.000Z,2056,東証１部,2802 味の素,2196300,2802,2048,2041
2050,2017-11-30T00:00:00.000Z,2069,東証１部,2802 味の素,3191200,2802,2064,2043
2086,2017-12-01T00:00:00.000Z,2090,東証１部,2802 味の素,2182200,2802,2066,2061
2078,2017-12-04T00:00:00.000Z,2109,東証１部,2802 味の素,2724400,2802,2101,2073
2104,2017-12-05T00:00:00.000Z,2124,東証１部,2802 味の素,2630100,2802,2122,2098
2139,2017-12-06T00:00:00.000Z,2140,東証１部,2802 味の素,3277400,2802,2127,2115
2148,2017-12-07T00:00:00.000Z,2169,東証１部,2802 味の素,3246600,2802,2157,2142
2169,2017-12-08T00:00:00.000Z,2175,東証１部,2802 味の素,3286800,2802,2153,2141
2152,2017-12-11T00:00:00.000Z,2183,東証１部,2802 味の素,2031200,2802,2181,2149
2150,2017-12-12T00:00:00.000Z,2152,東証１部,2802 味の素,3132700,2802,2128,2120
2120,2017-12-13T00:00:00.000Z,2132,東証１部,2802 味の素,3171300,2802,2128,2109
2133,2017-12-14T00:00:00.000Z,2137,東証１部,2802 味の素,1621200,2802,2129,2120
2123,2017-12-15T00:00:00.000Z,2126,東証１部,2802 味の素,2463500,2802,2113,2108
2121,2017-12-18T00:00:00.000Z,2122,東証１部,2802 味の素,2010000,2802,2116,2104
2110,2017-12-19T00:00:00.000Z,2118,東証１部,2802 味の素,2177000,2802,2111,2105
2105,2017-12-20T00:00:00.000Z,2117,東証１部,2802 味の素,1740200,2802,2108,2092
2105,2017-12-21T00:00:00.000Z,2126,東証１部,2802 味の素,1452900,2802,2126,2102
2121,2017-12-22T00:00:00.000Z,2129,東証１部,2802 味の素,1490200,2802,2129,2110
2128,2017-12-25T00:00:00.000Z,2134,東証１部,2802 味の素,870400,2802,2126,2120
2126,2017-12-26T00:00:00.000Z,2143,東証１部,2802 味の素,1431100,2802,2136,2124
2137,2017-12-27T00:00:00.000Z,2157,東証１部,2802 味の素,1490200,2802,2150,2134
2151,2017-12-28T00:00:00.000Z,2154,東証１部,2802 味の素,1407600,2802,2123,2122
2119,2017-12-29T00:00:00.000Z,2129,東証１部,2802 味の素,936700,2802,2121,2113
2134,2018-01-04T00:00:00.000Z,2139,東証１部,2802 味の素,1980100,2802,2136,2123
2147,2018-01-05T00:00:00.000Z,2147,東証１部,2802 味の素,1540700,2802,2145,2138
2150,2018-01-09T00:00:00.000Z,2159,東証１部,2802 味の素,2192900,2802,2156,2146
2165,2018-01-10T00:00:00.000Z,2169,東証１部,2802 味の素,1569000,2802,2151,2151
2139,2018-01-11T00:00:00.000Z,2140,東証１部,2802 味の素,2441200,2802,2123,2117
2114,2018-01-12T00:00:00.000Z,2119,東証１部,2802 味の素,3176900,2802,2087,2086
2089,2018-01-15T00:00:00.000Z,2098,東証１部,2802 味の素,2239300,2802,2078,2076
2079,2018-01-16T00:00:00.000Z,2101,東証１部,2802 味の素,1357500,2802,2090,2079
2094,2018-01-17T00:00:00.000Z,2109,東証１部,2802 味の素,1849000,2802,2100,2091
2113,2018-01-18T00:00:00.000Z,2116,東証１部,2802 味の素,2225300,2802,2102,2098
2102,2018-01-19T00:00:00.000Z,2107,東証１部,2802 味の素,2236900,2802,2076,2076
2080,2018-01-22T00:00:00.000Z,2104,東証１部,2802 味の素,1365900,2802,2098,2080
2105,2018-01-23T00:00:00.000Z,2129,東証１部,2802 味の素,2109100,2802,2125,2105
2135,2018-01-24T00:00:00.000Z,2146,東証１部,2802 味の素,1665700,2802,2134,2128
2118,2018-01-25T00:00:00.000Z,2122,東証１部,2802 味の素,3430800,2802,2084,2081
2084,2018-01-26T00:00:00.000Z,2101,東証１部,2802 味の素,1712000,2802,2088,2081
2100,2018-01-29T00:00:00.000Z,2128,東証１部,2802 味の素,2517300,2802,2106,2100
2108,2018-01-30T00:00:00.000Z,2110,東証１部,2802 味の素,2008600,2802,2085,2077
2080,2018-01-31T00:00:00.000Z,2107,東証１部,2802 味の素,2745300,2802,2070,2070
2090,2018-02-01T00:00:00.000Z,2093,東証１部,2802 味の素,3528100,2802,2065,2057
2057,2018-02-02T00:00:00.000Z,2070,東証１部,2802 味の素,3593200,2802,2055,2041
2035,2018-02-05T00:00:00.000Z,2046,東証１部,2802 味の素,3795400,2802,2027,2012
1981,2018-02-06T00:00:00.000Z,1996,東証１部,2802 味の素,5690000,2802,1967,1939
1998,2018-02-07T00:00:00.000Z,2026,東証１部,2802 味の素,3397400,2802,1966,1966
1965,2018-02-08T00:00:00.000Z,1972,東証１部,2802 味の素,4085600,2802,1934,1933
1900,2018-02-09T00:00:00.000Z,1929,東証１部,2802 味の素,3526900,2802,1927,1892
1949,2018-02-13T00:00:00.000Z,1964,東証１部,2802 味の素,2660500,2802,1939,1937
1937,2018-02-14T00:00:00.000Z,1947,東証１部,2802 味の素,2759500,2802,1921,1893
1931,2018-02-15T00:00:00.000Z,1942,東証１部,2802 味の素,1725200,2802,1921,1917
1930,2018-02-16T00:00:00.000Z,1964,東証１部,2802 味の素,1533600,2802,1959,1930
1975,2018-02-19T00:00:00.000Z,1996,東証１部,2802 味の素,1328100,2802,1990,1967
1992,2018-02-20T00:00:00.000Z,1993,東証１部,2802 味の素,1255600,2802,1977,1974
1974,2018-02-21T00:00:00.000Z,1987,東証１部,2802 味の素,1571800,2802,1968,1962
1950,2018-02-22T00:00:00.000Z,1953,東証１部,2802 味の素,2156800,2802,1940,1928
1940,2018-02-23T00:00:00.000Z,1952,東証１部,2802 味の素,1567700,2802,1943,1932
1951,2018-02-26T00:00:00.000Z,1970,東証１部,2802 味の素,1374000,2802,1962,1939
1974,2018-02-27T00:00:00.000Z,1977,東証１部,2802 味の素,1153500,2802,1967,1963
1964,2018-02-28T00:00:00.000Z,1982,東証１部,2802 味の素,2266800,2802,1957,1954
1962,2018-03-01T00:00:00.000Z,1966,東証１部,2802 味の素,1487900,2802,1930,1926
1907,2018-03-02T00:00:00.000Z,1908,東証１部,2802 味の素,2484400,2802,1881,1873
1875,2018-03-05T00:00:00.000Z,1908,東証１部,2802 味の素,1948500,2802,1906,1873
1921,2018-03-06T00:00:00.000Z,1928,東証１部,2802 味の素,1717600,2802,1911,1904
1899,2018-03-07T00:00:00.000Z,1918,東証１部,2802 味の素,1402900,2802,1908,1894
1922,2018-03-08T00:00:00.000Z,1928,東証１部,2802 味の素,1259400,2802,1917,1913
1942,2018-03-09T00:00:00.000Z,1971,東証１部,2802 味の素,2734900,2802,1939,1926
1964,2018-03-12T00:00:00.000Z,1967,東証１部,2802 味の素,1174100,2802,1964,1947
1962,2018-03-13T00:00:00.000Z,1991,東証１部,2802 味の素,1222300,2802,1991,1960
1980,2018-03-14T00:00:00.000Z,1986,東証１部,2802 味の素,1267600,2802,1977,1967
1961,2018-03-15T00:00:00.000Z,1971,東証１部,2802 味の素,1060200,2802,1971,1947
1959,2018-03-16T00:00:00.000Z,1963,東証１部,2802 味の素,1755800,2802,1957,1951
1951,2018-03-19T00:00:00.000Z,1954,東証１部,2802 味の素,1027900,2802,1939,1929
1940,2018-03-20T00:00:00.000Z,1943,東証１部,2802 味の素,1285800,2802,1943,1922
1931,2018-03-22T00:00:00.000Z,1935,東証１部,2802 味の素,3128100,2802,1888,1883
1865,2018-03-23T00:00:00.000Z,1892,東証１部,2802 味の素,2910800,2802,1877,1853
1869,2018-03-26T00:00:00.000Z,1900,東証１部,2802 味の素,1699000,2802,1900,1862
1914,2018-03-27T00:00:00.000Z,1969,東証１部,2802 味の素,2995600,2802,1966,1897
1920,2018-03-28T00:00:00.000Z,1925,東証１部,2802 味の素,2987800,2802,1886,1871
1902,2018-03-29T00:00:00.000Z,1930,東証１部,2802 味の素,2004600,2802,1918,1899
1926,2018-03-30T00:00:00.000Z,1934,東証１部,2802 味の素,975300,2802,1925,1914
1918,2018-04-02T00:00:00.000Z,1932,東証１部,2802 味の素,1298300,2802,1908,1908
1890,2018-04-03T00:00:00.000Z,1908,東証１部,2802 味の素,1706700,2802,1900,1879
1884,2018-04-04T00:00:00.000Z,1909,東証１部,2802 味の素,2466300,2802,1902,1869
1925,2018-04-05T00:00:00.000Z,1965,東証１部,2802 味の素,2335900,2802,1954,1922
1946,2018-04-06T00:00:00.000Z,1946,東証１部,2802 味の素,1829900,2802,1921,1920
1927,2018-04-09T00:00:00.000Z,1957,東証１部,2802 味の素,1416100,2802,1955,1927
1946,2018-04-10T00:00:00.000Z,1973,東証１部,2802 味の素,1781300,2802,1944,1929
1932,2018-04-11T00:00:00.000Z,1932,東証１部,2802 味の素,1474700,2802,1923,1912
1920,2018-04-12T00:00:00.000Z,1925,東証１部,2802 味の素,1181100,2802,1920,1914
1921,2018-04-13T00:00:00.000Z,1922,東証１部,2802 味の素,1371300,2802,1917,1911
1901,2018-04-16T00:00:00.000Z,1933,東証１部,2802 味の素,1257600,2802,1931,1897
1927,2018-04-17T00:00:00.000Z,1952,東証１部,2802 味の素,1439800,2802,1948,1922
1955,2018-04-18T00:00:00.000Z,1978,東証１部,2802 味の素,1764100,2802,1974,1955
1974,2018-04-19T00:00:00.000Z,1982,東証１部,2802 味の素,1247700,2802,1970,1963
1968,2018-04-20T00:00:00.000Z,1975,東証１部,2802 味の素,1398300,2802,1973,1960
1976,2018-04-23T00:00:00.000Z,1977,東証１部,2802 味の素,1416300,2802,1953,1940
1975,2018-04-24T00:00:00.000Z,1976,東証１部,2802 味の素,1064800,2802,1968,1949
1960,2018-04-25T00:00:00.000Z,1986,東証１部,2802 味の素,1077100,2802,1985,1959
1990,2018-04-26T00:00:00.000Z,2008,東証１部,2802 味の素,1438700,2802,2005,1975
2010,2018-04-27T00:00:00.000Z,2015,東証１部,2802 味の素,1502500,2802,2006,1990
1993,2018-05-01T00:00:00.000Z,2004,東証１部,2802 味の素,1100900,2802,2004,1976
2008,2018-05-02T00:00:00.000Z,2015,東証１部,2802 味の素,1365500,2802,2013,1997
2015,2018-05-07T00:00:00.000Z,2024,東証１部,2802 味の素,1249800,2802,2023,2005
2025,2018-05-08T00:00:00.000Z,2037,東証１部,2802 味の素,1406600,2802,2030,2015
2020,2018-05-09T00:00:00.000Z,2031,東証１部,2802 味の素,1522500,2802,2017,2010
2014,2018-05-10T00:00:00.000Z,2115,東証１部,2802 味の素,5316500,2802,2104,1996
2069,2018-05-11T00:00:00.000Z,2070,東証１部,2802 味の素,4968200,2802,2011,2003
2020,2018-05-14T00:00:00.000Z,2070,東証１部,2802 味の素,3061300,2802,2068,2019
2068,2018-05-15T00:00:00.000Z,2100,東証１部,2802 味の素,2423900,2802,2097,2066
2081,2018-05-16T00:00:00.000Z,2087,東証１部,2802 味の素,2361100,2802,2058,2056
2062,2018-05-17T00:00:00.000Z,2084,東証１部,2802 味の素,2095000,2802,2070,2057
2065,2018-05-18T00:00:00.000Z,2082,東証１部,2802 味の素,1819800,2802,2064,2064
2064,2018-05-21T00:00:00.000Z,2072,東証１部,2802 味の素,1393600,2802,2053,2053
2054,2018-05-22T00:00:00.000Z,2056,東証１部,2802 味の素,1535200,2802,2053,2043
2052,2018-05-23T00:00:00.000Z,2061,東証１部,2802 味の素,2331300,2802,2042,2037
2042,2018-05-24T00:00:00.000Z,2046,東証１部,2802 味の素,2192900,2802,2036,2028
2038,2018-05-25T00:00:00.000Z,2059,東証１部,2802 味の素,2141700,2802,2050,2023
2055,2018-05-28T00:00:00.000Z,2062,東証１部,2802 味の素,1793300,2802,2049,2034
2053,2018-05-29T00:00:00.000Z,2076,東証１部,2802 味の素,2163400,2802,2072,2052
2047,2018-05-30T00:00:00.000Z,2056,東証１部,2802 味の素,2047700,2802,2039,2030
2059,2018-05-31T00:00:00.000Z,2083,東証１部,2802 味の素,8500200,2802,2079,2058
2064,2018-06-01T00:00:00.000Z,2085,東証１部,2802 味の素,2689700,2802,2050,2047
2066,2018-06-04T00:00:00.000Z,2106,東証１部,2802 味の素,3070700,2802,2101,2050
2109,2018-06-05T00:00:00.000Z,2134,東証１部,2802 味の素,2606900,2802,2128,2107
2112,2018-06-06T00:00:00.000Z,2131,東証１部,2802 味の素,2307400,2802,2113,2094
2102,2018-06-07T00:00:00.000Z,2102,東証１部,2802 味の素,2298500,2802,2096,2087
2084,2018-06-08T00:00:00.000Z,2112,東証１部,2802 味の素,2728700,2802,2098,2080
2122,2018-06-11T00:00:00.000Z,2150,東証１部,2802 味の素,3287100,2802,2144,2113
2150,2018-06-12T00:00:00.000Z,2174,東証１部,2802 味の素,2936300,2802,2169,2148
2169,2018-06-13T00:00:00.000Z,2188,東証１部,2802 味の素,2023200,2802,2168,2164
2168,2018-06-14T00:00:00.000Z,2171,東証１部,2802 味の素,1382600,2802,2153,2153
2170,2018-06-15T00:00:00.000Z,2173,東証１部,2802 味の素,2462900,2802,2157,2148
2158,2018-06-18T00:00:00.000Z,2159,東証１部,2802 味の素,1413300,2802,2137,2134
2136,2018-06-19T00:00:00.000Z,2136,東証１部,2802 味の素,2595800,2802,2086,2086
2122,2018-06-20T00:00:00.000Z,2132,東証１部,2802 味の素,2470600,2802,2115,2096
2086,2018-06-21T00:00:00.000Z,2098,東証１部,2802 味の素,2636200,2802,2072,2066
2059,2018-06-22T00:00:00.000Z,2079,東証１部,2802 味の素,2192400,2802,2072,2049
2070,2018-06-25T00:00:00.000Z,2077,東証１部,2802 味の素,1331900,2802,2062,2058
2066,2018-06-26T00:00:00.000Z,2095,東証１部,2802 味の素,1352600,2802,2091,2061
2091,2018-06-27T00:00:00.000Z,2107,東証１部,2802 味の素,1211000,2802,2100,2081
2111,2018-06-28T00:00:00.000Z,2113,東証１部,2802 味の素,1461600,2802,2081,2072
2080,2018-06-29T00:00:00.000Z,2097,東証１部,2802 味の素,1472600,2802,2096,2064
2087,2018-07-02T00:00:00.000Z,2091,東証１部,2802 味の素,1469300,2802,2033,2032
2033,2018-07-03T00:00:00.000Z,2043,東証１部,2802 味の素,2201400,2802,2030,2012
2027,2018-07-04T00:00:00.000Z,2057,東証１部,2802 味の素,1824100,2802,2051,2018
2051,2018-07-05T00:00:00.000Z,2062,東証１部,2802 味の素,1518900,2802,2049,2036
2069,2018-07-06T00:00:00.000Z,2094,東証１部,2802 味の素,1788800,2802,2071,2066
2071,2018-07-09T00:00:00.000Z,2101,東証１部,2802 味の素,1428700,2802,2092,2070
2092,2018-07-10T00:00:00.000Z,2099,東証１部,2802 味の素,2252300,2802,2052,2052
2045,2018-07-11T00:00:00.000Z,2066,東証１部,2802 味の素,2021200,2802,2042,2025
2062,2018-07-12T00:00:00.000Z,2092,東証１部,2802 味の素,1778400,2802,2068,2061
2074,2018-07-13T00:00:00.000Z,2108,東証１部,2802 味の素,2235200,2802,2101,2072
2105,2018-07-17T00:00:00.000Z,2151,東証１部,2802 味の素,2239100,2802,2142,2104
2147,2018-07-18T00:00:00.000Z,2148,東証１部,2802 味の素,1423800,2802,2126,2120
2122,2018-07-19T00:00:00.000Z,2124,東証１部,2802 味の素,1318500,2802,2103,2103
2100,2018-07-20T00:00:00.000Z,2110,東証１部,2802 味の素,1409700,2802,2101,2084
2105,2018-07-23T00:00:00.000Z,2119,東証１部,2802 味の素,1440900,2802,2108,2098
2118,2018-07-24T00:00:00.000Z,2129,東証１部,2802 味の素,1938200,2802,2082,2081
2106,2018-07-25T00:00:00.000Z,2126,東証１部,2802 味の素,1376300,2802,2089,2088
2112,2018-07-26T00:00:00.000Z,2131,東証１部,2802 味の素,1515200,2802,2113,2102
2119,2018-07-27T00:00:00.000Z,2120,東証１部,2802 味の素,1004100,2802,2118,2101
2115,2018-07-30T00:00:00.000Z,2115,東証１部,2802 味の素,1223000,2802,2100,2093
2083,2018-07-31T00:00:00.000Z,2089,東証１部,2802 味の素,5843900,2802,1975,1962
1975,2018-08-01T00:00:00.000Z,1977,東証１部,2802 味の素,5294300,2802,1920,1915
1915,2018-08-02T00:00:00.000Z,1915,東証１部,2802 味の素,4019700,2802,1894,1891
1890,2018-08-03T00:00:00.000Z,1892,東証１部,2802 味の素,2787800,2802,1880,1871
1887,2018-08-06T00:00:00.000Z,1889,東証１部,2802 味の素,2360900,2802,1875,1875
1870,2018-08-07T00:00:00.000Z,1890,東証１部,2802 味の素,2348500,2802,1888,1861
1882,2018-08-08T00:00:00.000Z,1890,東証１部,2802 味の素,2247500,2802,1884,1877
1877,2018-08-09T00:00:00.000Z,1899,東証１部,2802 味の素,2947800,2802,1896,1868
1896,2018-08-10T00:00:00.000Z,1902,東証１部,2802 味の素,2577200,2802,1891,1881
1890,2018-08-13T00:00:00.000Z,1891,東証１部,2802 味の素,2611000,2802,1884,1875
1900,2018-08-14T00:00:00.000Z,1923,東証１部,2802 味の素,2456000,2802,1922,1898
1928,2018-08-15T00:00:00.000Z,1933,東証１部,2802 味の素,2193600,2802,1926,1920
1929,2018-08-16T00:00:00.000Z,1946,東証１部,2802 味の素,2895100,2802,1940,1925
1939,2018-08-17T00:00:00.000Z,1945,東証１部,2802 味の素,1881400,2802,1930,1927
1940,2018-08-20T00:00:00.000Z,1945,東証１部,2802 味の素,1617900,2802,1930,1923
1921,2018-08-21T00:00:00.000Z,1936,東証１部,2802 味の素,1814400,2802,1923,1906
1898,2018-08-22T00:00:00.000Z,1932,東証１部,2802 味の素,2041800,2802,1928,1893
1921,2018-08-23T00:00:00.000Z,1937,東証１部,2802 味の素,1185300,2802,1930,1920
1917,2018-08-24T00:00:00.000Z,1918,東証１部,2802 味の素,1732400,2802,1911,1902
1915,2018-08-27T00:00:00.000Z,1925,東証１部,2802 味の素,1916700,2802,1914,1906
1908,2018-08-28T00:00:00.000Z,1911,東証１部,2802 味の素,1925800,2802,1895,1891
1885,2018-08-29T00:00:00.000Z,1901,東証１部,2802 味の素,2039000,2802,1886,1877
1879,2018-08-30T00:00:00.000Z,1889,東証１部,2802 味の素,2937600,2802,1880,1874
1875,2018-08-31T00:00:00.000Z,1887,東証１部,2802 味の素,1766600,2802,1886,1871
1885,2018-09-03T00:00:00.000Z,1895,東証１部,2802 味の素,1270900,2802,1888,1874
1885,2018-09-04T00:00:00.000Z,1887,東証１部,2802 味の素,1117600,2802,1884,1874
1876,2018-09-05T00:00:00.000Z,1879,東証１部,2802 味の素,2056300,2802,1870,1867
1863,2018-09-06T00:00:00.000Z,1868,東証１部,2802 味の素,4157500,2802,1835,1833
1833,2018-09-07T00:00:00.000Z,1854,東証１部,2802 味の素,2653200,2802,1848,1824
1845,2018-09-10T00:00:00.000Z,1856,東証１部,2802 味の素,1778800,2802,1854,1837
1845,2018-09-11T00:00:00.000Z,1875,東証１部,2802 味の素,2118500,2802,1869,1835
1861,2018-09-12T00:00:00.000Z,1871,東証１部,2802 味の素,1798100,2802,1868,1849
1878,2018-09-13T00:00:00.000Z,1901,東証１部,2802 味の素,1482100,2802,1882,1878
1887,2018-09-14T00:00:00.000Z,1900,東証１部,2802 味の素,2074000,2802,1880,1877
1885,2018-09-18T00:00:00.000Z,1920,東証１部,2802 味の素,1757900,2802,1914,1884
1916,2018-09-19T00:00:00.000Z,1924,東証１部,2802 味の素,1821300,2802,1912,1906
1913,2018-09-20T00:00:00.000Z,1913,東証１部,2802 味の素,1437400,2802,1902,1897
1919,2018-09-21T00:00:00.000Z,1924,東証１部,2802 味の素,2575100,2802,1916,1912
1920,2018-09-25T00:00:00.000Z,1937,東証１部,2802 味の素,1860600,2802,1935,1915
1922,2018-09-26T00:00:00.000Z,1948,東証１部,2802 味の素,1722900,2802,1945,1911
1946,2018-09-27T00:00:00.000Z,1967,東証１部,2802 味の素,2345200,2802,1949,1943
1959,2018-09-28T00:00:00.000Z,1968,東証１部,2802 味の素,1974000,2802,1950,1941
1950,2018-10-01T00:00:00.000Z,1962,東証１部,2802 味の素,1290600,2802,1942,1939
1951,2018-10-02T00:00:00.000Z,1977,東証１部,2802 味の素,2085600,2802,1964,1950
1969,2018-10-03T00:00:00.000Z,1974,東証１部,2802 味の素,1523000,2802,1952,1948
1955,2018-10-04T00:00:00.000Z,1961,東証１部,2802 味の素,1996800,2802,1932,1927
1900,2018-10-05T00:00:00.000Z,1913,東証１部,2802 味の素,2261700,2802,1902,1892
1887,2018-10-09T00:00:00.000Z,1895,東証１部,2802 味の素,1802000,2802,1888,1877
1894,2018-10-10T00:00:00.000Z,1911,東証１部,2802 味の素,1394000,2802,1887,1886
1858,2018-10-11T00:00:00.000Z,1869,東証１部,2802 味の素,2432000,2802,1866,1851
1849,2018-10-12T00:00:00.000Z,1858,東証１部,2802 味の素,3741000,2802,1835,1822
1825,2018-10-15T00:00:00.000Z,1825,東証１部,2802 味の素,2211000,2802,1800,1800
1801,2018-10-16T00:00:00.000Z,1807,東証１部,2802 味の素,1778700,2802,1807,1788
1820,2018-10-17T00:00:00.000Z,1845,東証１部,2802 味の素,1568800,2802,1845,1820
1860,2018-10-18T00:00:00.000Z,1887,東証１部,2802 味の素,2000200,2802,1870,1859
1847,2018-10-19T00:00:00.000Z,1861,東証１部,2802 味の素,1719400,2802,1852,1840
1864,2018-10-22T00:00:00.000Z,1879,東証１部,2802 味の素,1087700,2802,1871,1857
1847,2018-10-23T00:00:00.000Z,1849,東証１部,2802 味の素,1636900,2802,1821,1817
1837,2018-10-24T00:00:00.000Z,1854,東証１部,2802 味の素,1602900,2802,1848,1824
1824,2018-10-25T00:00:00.000Z,1830,東証１部,2802 味の素,1501700,2802,1812,1807
1812,2018-10-26T00:00:00.000Z,1822,東証１部,2802 味の素,1502500,2802,1807,1798
1818,2018-10-29T00:00:00.000Z,1829,東証１部,2802 味の素,1020900,2802,1807,1801
1797,2018-10-30T00:00:00.000Z,1800,東証１部,2802 味の素,2343200,2802,1786,1776
1800,2018-10-31T00:00:00.000Z,1829,東証１部,2802 味の素,2009800,2802,1826,1785
1815,2018-11-01T00:00:00.000Z,1852,東証１部,2802 味の素,1517300,2802,1828,1809
1832,2018-11-02T00:00:00.000Z,1838,東証１部,2802 味の素,2362400,2802,1817,1801
1794,2018-11-05T00:00:00.000Z,1813,東証１部,2802 味の素,1482100,2802,1804,1790
1818,2018-11-06T00:00:00.000Z,1853,東証１部,2802 味の素,1324500,2802,1848,1817
1888,2018-11-07T00:00:00.000Z,1936,東証１部,2802 味の素,4160900,2802,1889,1811
1928,2018-11-08T00:00:00.000Z,1929,東証１部,2802 味の素,2602400,2802,1886,1867
1896,2018-11-09T00:00:00.000Z,1933,東証１部,2802 味の素,2323500,2802,1899,1894
1894,2018-11-12T00:00:00.000Z,1926,東証１部,2802 味の素,1137500,2802,1924,1885
1905,2018-11-13T00:00:00.000Z,1909,東証１部,2802 味の素,1659600,2802,1902,1883
1902,2018-11-14T00:00:00.000Z,1922,東証１部,2802 味の素,1619000,2802,1908,1901
1889,2018-11-15T00:00:00.000Z,1917,東証１部,2802 味の素,1886400,2802,1916,1878
1931,2018-11-16T00:00:00.000Z,1934,東証１部,2802 味の素,1751400,2802,1926,1913
1929,2018-11-19T00:00:00.000Z,1935,東証１部,2802 味の素,2048600,2802,1925,1914
1910,2018-11-20T00:00:00.000Z,1916,東証１部,2802 味の素,4118300,2802,1886,1883
1880,2018-11-21T00:00:00.000Z,1893,東証１部,2802 味の素,2522800,2802,1888,1867
1882,2018-11-22T00:00:00.000Z,1918,東証１部,2802 味の素,2628100,2802,1916,1877
1910,2018-11-26T00:00:00.000Z,1935,東証１部,2802 味の素,1746200,2802,1909,1900
1910,2018-11-27T00:00:00.000Z,1925,東証１部,2802 味の素,2198200,2802,1919,1902
1932,2018-11-28T00:00:00.000Z,1939,東証１部,2802 味の素,1888500,2802,1923,1920
1926,2018-11-29T00:00:00.000Z,1934,東証１部,2802 味の素,2727600,2802,1928,1915
1942,2018-11-30T00:00:00.000Z,1965,東証１部,2802 味の素,3278600,2802,1962,1938
1978,2018-12-03T00:00:00.000Z,1982,東証１部,2802 味の素,1517300,2802,1944,1936
1944,2018-12-04T00:00:00.000Z,1952,東証１部,2802 味の素,1530200,2802,1922,1920
1910,2018-12-05T00:00:00.000Z,1952,東証１部,2802 味の素,1716900,2802,1943,1901
1914,2018-12-06T00:00:00.000Z,1924,東証１部,2802 味の素,2227500,2802,1895,1886
1892,2018-12-07T00:00:00.000Z,1928,東証１部,2802 味の素,1480400,2802,1927,1890
1892,2018-12-10T00:00:00.000Z,1900,東証１部,2802 味の素,1211900,2802,1881,1875
1889,2018-12-11T00:00:00.000Z,1925,東証１部,2802 味の素,2130900,2802,1919,1884
1985,2018-12-12T00:00:00.000Z,2017,東証１部,2802 味の素,4823800,2802,1998,1977
2004,2018-12-13T00:00:00.000Z,2005,東証１部,2802 味の素,2284600,2802,1997,1985
1997,2018-12-14T00:00:00.000Z,2029,東証１部,2802 味の素,3555600,2802,1994,1991
1996,2018-12-17T00:00:00.000Z,2008,東証１部,2802 味の素,2678000,2802,1998,1988
1985,2018-12-18T00:00:00.000Z,1995,東証１部,2802 味の素,1929700,2802,1972,1968
1976,2018-12-19T00:00:00.000Z,1988,東証１部,2802 味の素,1942700,2802,1984,1964
2000,2018-12-20T00:00:00.000Z,2017,東証１部,2802 味の素,2485400,2802,1979,1966
1999,2018-12-21T00:00:00.000Z,2005,東証１部,2802 味の素,3699000,2802,1965,1947
1885,2018-12-25T00:00:00.000Z,1903,東証１部,2802 味の素,2105500,2802,1837,1817
1840,2018-12-26T00:00:00.000Z,1889,東証１部,2802 味の素,1806400,2802,1861,1833
1899,2018-12-27T00:00:00.000Z,1968,東証１部,2802 味の素,2127300,2802,1956,1890
1955,2018-12-28T00:00:00.000Z,1966,東証１部,2802 味の素,1102400,2802,1957,1945